id,pk,bd_mgt_sn,sido,sigungu,gu,rd_nm,bld_s,bld_e,buld_nm,buld_nm_dc,buld_se_cd,bul_eng_nm,zip_cd,gro_flo_co,und_flo_co,buld_no,sig_cd,rn_cd,emd_cd,pnu,xpos,ypos,poi_chk,mainPurpsCdNm,archArea,totArea,grndFlrCnt,ugrndFlrCnt,pmsDay,stcnsDay,useAprDay,has_register_match,match_method,administrative_uncertainty,building_area_m2,change_area_m2,change_ratio,max_change_score,near_change,site_id,brightness_delta,change_type,classification_note,directional_consistency_flag,change_id,mean_change_score,t1_date,t2_date,method,brightness_t1,brightness_t2,confidence,building_relevance,priority_score,inspection_priority,gi_zscore,gi_pvalue,gi_class
lt_c_spbd.4107776361,412810006540,4128111300100400004026681,경기도,고양시 덕양구,용두동,봉산로,258,0,,,0,,,1.0,0.0,258,41281,3192030,113,4128111300100400004,126.89431658129978,37.61545513231516,,창고시설,980.0,980.0,1.0,0.0,19960102,19960610,19960920,True,pnu,0.6,565.56,19.85,0.0351,1.0,False,CHG_00090,416.21,EXPANSION_OR_RECONSTRUCTION,사용승인일=1996-09-20로 T1 이전부터 존재 - 증축/개축 확정(건축물대장 근거),,,,,,,,,1.0,1.0,0.6305,MEDIUM,-0.07769690081875257,0.873,NOT_SIG
lt_c_spbd.4107801034,412810115940,4128111300101840007000002,경기도,고양시 덕양구,용두동,화랑로286번길,44,120,,,0,,,1.0,0.0,44-120,41281,4376360,113,4128111300101840007,126.88336284937635,37.61798412241721,,,,,,,,,,False,,1.0,209.57,28.91,0.1379,0.6689,False,CHG_00085,-53.78,EXPANSION_OR_RECONSTRUCTION,"change_ratio=0.14 - 부분 변화, 증축/개축 추정 (건축물대장 미매칭, change_ratio 휴리스틱) - brightness_delta=-53.8(T2가 더 어두움)로 증축 기대 방향과 불일치, 재확인 권장",False,,,,,,,,0.6689,1.0,0.6089,MEDIUM,0.428061752755706,0.087,HOT_90
lt_c_spbd.4107798821,412810078125,4128111300100900000000001,경기도,고양시 덕양구,용두동,봉산로,287,90,,,0,,,1.0,0.0,287-90,41281,3192030,113,4128111300100900000,126.88950932503442,37.61681650553963,,,,,,,,,,False,,1.0,174.1,0.0,0.0,,True,,,OTHER_CHANGE,"건물 본체 미교차, 버퍼 내 변화만 존재",,,,,,,,,0.0,0.3,0.23,LOW,-0.28052888444587276,0.819,NOT_SIG
lt_c_spbd.4107798820,412810078134,4128111300101260004000001,경기도,고양시 덕양구,용두동,봉산로,287,80,,,0,,,1.0,0.0,287-80,41281,3192030,113,4128111300101260004,126.88989646374924,37.61717242630464,,,,,,,,,,False,,1.0,86.24,86.24,1.0,0.6652,False,CHG_00087,-35.19,NEW_BUILDING,"change_ratio=1.00 >= 0.5 - 신축 추정 (건축물대장 미매칭, change_ratio 휴리스틱) - brightness_delta=-35.2(T2가 더 어두움)로 신축 기대 방향과 불일치, 재확인 권장",False,,,,,,,,0.6652,1.0,0.8661,HIGH,-0.28052888444587276,0.289,NOT_SIG
lt_c_spbd.4107798819,412810104927,4128111300101260012000001,경기도,고양시 덕양구,용두동,봉산로,287,70,,,0,,,2.0,0.0,287-70,41281,3192030,113,4128111300101260012,126.89013497338667,37.6177243744162,,제2종근린생활시설,196.0,231.88,2.0,0.0,20191223,20200406,20200819,True,pnu,0.6,203.21,203.21,1.0,0.6652,False,CHG_00087,-35.19,EXPANSION_OR_RECONSTRUCTION,사용승인일=2020-08-19로 T1 이전부터 존재 - 증축/개축 확정(건축물대장 근거),,,,,,,,,0.6652,1.0,0.7861,HIGH,-0.34135529873588044,0.257,NOT_SIG
lt_c_spbd.4107801033,412810115939,4128111300101840007000001,경기도,고양시 덕양구,용두동,화랑로286번길,44,120,,,0,,,1.0,0.0,44-120,41281,4376360,113,4128111300101840007,126.88300456181929,37.61808597047276,,,,,,,,,,False,,1.0,115.78,115.78,1.0,0.6689,False,CHG_00085,-53.78,NEW_BUILDING,"change_ratio=1.00 >= 0.5 - 신축 추정 (건축물대장 미매칭, change_ratio 휴리스틱) - brightness_delta=-53.8(T2가 더 어두움)로 신축 기대 방향과 불일치, 재확인 권장",False,,,,,,,,0.6689,1.0,0.8676,HIGH,0.4463282216812108,0.191,NOT_SIG
lt_c_spbd.4107788308,412810021893,4128111300201710001003274,경기도,고양시 덕양구,용두동,화랑로286번길,104,90,,,0,,,1.0,0.0,104-90,41281,4376360,113,4128111300201710001,126.8847953183051,37.61869288619275,,,,,,,,,,False,,1.0,76.44,21.0,0.2747,0.963,False,CHG_00084,342.63,EXPANSION_OR_RECONSTRUCTION,"change_ratio=0.27 - 부분 변화, 증축/개축 추정 (건축물대장 미매칭, change_ratio 휴리스틱)",True,,,,,,,,0.963,1.0,0.7676,HIGH,0.3327886724462812,0.311,NOT_SIG
lt_c_spbd.4107801126,412810035169,4128111300201710001003097,경기도,고양시 덕양구,용두동,화랑로286번길,104,88,,,0,,,1.0,0.0,104-88,41281,4376360,113,4128111300201710001,126.88474605999679,37.618764871011834,,,,,,,,,,False,,1.0,58.93,50.04,0.8491,0.963,False,CHG_00084,342.63,NEW_BUILDING,"change_ratio=0.85 >= 0.5 - 신축 추정 (건축물대장 미매칭, change_ratio 휴리스틱)",True,,,,,,,,0.963,1.0,0.9399,HIGH,0.3327886724462812,0.469,NOT_SIG
lt_c_spbd.4107801125,412810035170,4128111300201710001018598,경기도,고양시 덕양구,용두동,화랑로286번길,104,88,,,0,,,1.0,0.0,104-88,41281,4376360,113,4128111300201710001,126.88468416804832,37.61880086682777,,,,,,,,,,False,,1.0,43.21,43.21,0.9999,0.963,False,CHG_00084,342.63,NEW_BUILDING,"change_ratio=1.00 >= 0.5 - 신축 추정 (건축물대장 미매칭, change_ratio 휴리스틱)",True,,,,,,,,0.963,1.0,0.9852,HIGH,0.37581223377335926,0.419,NOT_SIG
lt_c_spbd.4107801035,412810078143,4128111300101820000000001,경기도,고양시 덕양구,용두동,화랑로286번길,44,133,,,0,,,1.0,0.0,44-133,41281,4376360,113,4128111300101820000,126.88366879017488,37.61881609996112,,,,,,,,,,False,,1.0,85.02,36.04,0.4239,0.963,False,CHG_00084,342.63,EXPANSION_OR_RECONSTRUCTION,"change_ratio=0.42 - 부분 변화, 증축/개축 추정 (건축물대장 미매칭, change_ratio 휴리스틱)",True,,,,,,,,0.963,1.0,0.8124,HIGH,0.3251853706600301,0.365,NOT_SIG
lt_c_spbd.4107801156,412810083282,4128111300101800015000002,경기도,고양시 덕양구,용두동,화랑로286번길,44,107,,,0,,,1.0,0.0,44-107,41281,4376360,113,4128111300101800015,126.88399858017092,37.618883759933155,,제2종근린생활시설,412.0,491.08,2.0,0.0,20100915,20100916,20130513,True,pnu,0.6,453.01,450.64,0.9948,0.963,False,CHG_00084,342.63,EXPANSION_OR_RECONSTRUCTION,사용승인일=2013-05-13로 T1 이전부터 존재 - 증축/개축 확정(건축물대장 근거),,,,,,,,,0.963,1.0,0.9036,HIGH,0.5311699428326699,0.107,NOT_SIG
lt_c_spbd.4107788313,412810021888,4128111300101550000003275,경기도,고양시 덕양구,용두동,화랑로286번길,104,92,,,0,,,1.0,0.0,104-92,41281,4376360,113,4128111300101550000,126.8848040485664,37.61883146605141,,단독주택,139.38,139.38,1.0,0.0,19750327, , ,True,pnu,0.6,180.99,84.71,0.468,0.963,False,CHG_00084,342.63,EXPANSION_OR_RECONSTRUCTION,"change_ratio=0.47 - 부분 변화, 증축/개축 추정 (건축물대장 미매칭, change_ratio 휴리스틱)",True,,,,,,,,0.963,1.0,0.7456,HIGH,0.4089144135013055,0.173,NOT_SIG
lt_c_spbd.4107788309,412810021891,4128111300101550000033150,경기도,고양시 덕양구,용두동,화랑로286번길,104,92,,,0,,,1.0,0.0,104-92,41281,4376360,113,4128111300101550000,126.88484132846882,37.618991403175286,,단독주택,139.38,139.38,1.0,0.0,19750327, , ,True,pnu,0.6,118.29,3.83,0.0324,0.963,False,CHG_00084,342.63,EXPANSION_OR_RECONSTRUCTION,"change_ratio=0.03 - 부분 변화, 증축/개축 추정 (건축물대장 미매칭, change_ratio 휴리스틱)",True,,,,,,,,0.963,1.0,0.6149,MEDIUM,0.4089144135013055,0.097,HOT_90
lt_c_spbd.4107801155,412810083280,4128111300101780002000001,경기도,고양시 덕양구,용두동,화랑로286번길,44,105,,,0,,,1.0,0.0,44-105,41281,4376360,113,4128111300101780002,126.88403223052468,37.61909565220866,,제2종근린생활시설,399.0,485.21,2.0,0.0,20100915,20100916,20130513,True,pnu,0.6,476.64,476.64,1.0,0.963,False,CHG_00084,342.63,EXPANSION_OR_RECONSTRUCTION,사용승인일=2013-05-13로 T1 이전부터 존재 - 증축/개축 확정(건축물대장 근거),,,,,,,,,0.963,1.0,0.9052,HIGH,0.5967252399409545,0.055,HOT_90
lt_c_spbd.4107801124,412810035167,4128111300101640001016936,경기도,고양시 덕양구,용두동,화랑로286번길,104,84,,,0,,,1.0,0.0,104-84,41281,4376360,113,4128111300101640001,126.88462192584441,37.61917061234526,,제1종근린생활시설,273.0,273.0,1.0,0.0,20090409,20090423,20091130,True,pnu,0.6,217.27,152.47,0.7017,0.963,False,CHG_00084,342.63,EXPANSION_OR_RECONSTRUCTION,사용승인일=2009-11-30로 T1 이전부터 존재 - 증축/개축 확정(건축물대장 근거),,,,,,,,,0.963,1.0,0.8157,HIGH,0.41633226890252634,0.217,NOT_SIG
lt_c_spbd.4107801030,412810035043,4128111300101790005000001,경기도,고양시 덕양구,용두동,화랑로286번길,44,111,,,0,,,2.0,0.0,44-111,41281,4376360,113,4128111300101790005,126.88390173134586,37.61931549952509,,제1종근린생활시설,208.23,284.31,2.0,0.0,20100708,20100713,20101021,True,pnu,0.6,192.35,192.35,1.0,0.963,False,CHG_00084,342.63,EXPANSION_OR_RECONSTRUCTION,사용승인일=2010-10-21로 T1 이전부터 존재 - 증축/개축 확정(건축물대장 근거),,,,,,,,,0.963,1.0,0.9052,HIGH,-0.3246187624868763,0.217,NOT_SIG
lt_c_spbd.4107801031,412810035042,4128111300101790000000002,경기도,고양시 덕양구,용두동,화랑로286번길,44,113,,,0,,,0.0,0.0,44-113,41281,4376360,113,4128111300101790000,126.88378180907159,37.61936084976548,,제1종근린생활시설,189.0,189.0,1.0,0.0,20100708,20100713,20101021,True,pnu,0.6,257.12,257.12,1.0,0.963,False,CHG_00084,342.63,EXPANSION_OR_RECONSTRUCTION,사용승인일=2010-10-21로 T1 이전부터 존재 - 증축/개축 확정(건축물대장 근거),,,,,,,,,0.963,1.0,0.9052,HIGH,-0.3246187624868763,0.217,NOT_SIG
lt_c_spbd.4107801032,412810035041,4128111300101790000000001,경기도,고양시 덕양구,용두동,화랑로286번길,44,113,,,0,,,0.0,0.0,44-113,41281,4376360,113,4128111300101790000,126.88367857461895,37.61943395747424,,제1종근린생활시설,189.0,189.0,1.0,0.0,20100708,20100713,20101021,True,pnu,0.6,190.07,149.86,0.7884,0.963,False,CHG_00084,342.63,EXPANSION_OR_RECONSTRUCTION,사용승인일=2010-10-21로 T1 이전부터 존재 - 증축/개축 확정(건축물대장 근거),,,,,,,,,0.963,1.0,0.8417,HIGH,-0.3987045933065652,0.185,NOT_SIG
lt_c_spbd.4107801028,412810035036,4128111300101780000026701,경기도,고양시 덕양구,용두동,화랑로286번길,44,109,,,0,,,1.0,0.0,44-109,41281,4376360,113,4128111300101780000,126.88403943768111,37.61945643159361,,,,,,,,,,False,,1.0,24.38,24.38,1.0,0.963,False,CHG_00084,342.63,NEW_BUILDING,"change_ratio=1.00 >= 0.5 - 신축 추정 (건축물대장 미매칭, change_ratio 휴리스틱)",True,,,,,,,,0.963,1.0,0.9852,HIGH,-0.29151658275893017,0.213,NOT_SIG
lt_c_spbd.4107801029,412810035035,4128111300101780000003279,경기도,고양시 덕양구,용두동,화랑로286번길,44,109,,,0,,,1.0,0.0,44-109,41281,4376360,113,4128111300101780000,126.88406556088367,37.61955911616215,,,,,,,,,,False,,1.0,64.04,0.0,0.0,,True,,,OTHER_CHANGE,"건물 본체 미교차, 버퍼 내 변화만 존재",,,,,,,,,0.0,0.3,0.23,LOW,-0.29151658275893017,0.783,NOT_SIG
lt_c_spbd.4107801154,412810035178,4128111300101780001003281,경기도,고양시 덕양구,용두동,화랑로286번길,44,95,,,0,,,1.0,0.0,44-95,41281,4376360,113,4128111300101780001,126.88436371067118,37.61958144449093,,,,,,,,,,False,,1.0,85.52,83.08,0.9715,0.963,False,CHG_00084,342.63,NEW_BUILDING,"change_ratio=0.97 >= 0.5 - 신축 추정 (건축물대장 미매칭, change_ratio 휴리스틱)",True,,,,,,,,0.963,1.0,0.9766,HIGH,0.012661850287363125,0.721,NOT_SIG
lt_c_spbd.4107801153,412810035179,4128111300101780001003282,경기도,고양시 덕양구,용두동,화랑로286번길,44,93,,,0,,,1.0,0.0,44-93,41281,4376360,113,4128111300101780001,126.8842709996209,37.61960427709911,,,,,,,,,,False,,1.0,60.79,47.49,0.7812,0.963,False,CHG_00084,342.63,NEW_BUILDING,"change_ratio=0.78 >= 0.5 - 신축 추정 (건축물대장 미매칭, change_ratio 휴리스틱)",True,,,,,,,,0.963,1.0,0.9196,HIGH,-0.29596729599966326,0.231,NOT_SIG
lt_c_spbd.4107801152,412810035177,4128111300101780001003086,경기도,고양시 덕양구,용두동,화랑로286번길,44,91,,,0,,,1.0,0.0,44-91,41281,4376360,113,4128111300101780001,126.88417754976072,37.61962255235281,,,,,,,,,,False,,1.0,28.25,0.0,0.0,,True,,,OTHER_CHANGE,"건물 본체 미교차, 버퍼 내 변화만 존재",,,,,,,,,0.0,0.3,0.23,LOW,-0.37005312681935215,0.615,NOT_SIG
lt_c_spbd.4107801027,412810035034,4128111300101760004001423,경기도,고양시 덕양구,용두동,화랑로286번길,44,90,,,0,,,1.0,0.0,44-90,41281,4376360,113,4128111300101760004,126.88373875604924,37.6196716233037,,제1종근린생활시설,229.86,229.86,1.0,0.0,20051101,20051107,20060323,True,pnu,0.6,182.08,0.0,0.0,,True,,,OTHER_CHANGE,"건물 본체 미교차, 버퍼 내 변화만 존재",,,,,,,,,0.0,0.3,0.15,LOW,-0.4330121745372101,0.547,NOT_SIG
lt_c_spbd.4107801020,412810035031,4128111300101760002032995,경기도,고양시 덕양구,용두동,화랑로286번길,44,84,,,0,,,1.0,0.0,44-84,41281,4376360,113,4128111300101760002,126.88378454124738,37.61988114395214,,단독주택,72.56,72.56,1.0,0.0,19850627, ,19860304,True,pnu,0.6,41.78,17.47,0.4181,1.0,False,CHG_00077,761.78,EXPANSION_OR_RECONSTRUCTION,사용승인일=1986-03-04로 T1 이전부터 존재 - 증축/개축 확정(건축물대장 근거),,,,,,,,,1.0,1.0,0.7454,HIGH,-0.10644109049848216,0.675,NOT_SIG
lt_c_spbd.4107796612,412810078150,4128111300101910001000001,경기도,고양시 덕양구,용두동,화랑로286번길,42,57,,,0,,,1.0,0.0,42-57,41281,4376360,113,4128111300101910001,126.88330430858926,37.619903894894215,,,,,,,,,,False,,1.0,134.62,134.62,1.0,1.0,False,CHG_00077,761.78,NEW_BUILDING,"change_ratio=1.00 >= 0.5 - 신축 추정 (건축물대장 미매칭, change_ratio 휴리스틱)",True,,,,,,,,1.0,1.0,1.0,HIGH,0.2575901633164094,0.703,NOT_SIG
lt_c_spbd.4107801015,412810035029,4128111300101760001003292,경기도,고양시 덕양구,용두동,화랑로286번길,44,80,,,0,,,1.0,0.0,44-80,41281,4376360,113,4128111300101760001,126.88395639043037,37.61990917428487,,단독주택,66.24,66.24,1.0,1.0, , , ,True,pnu,0.6,120.96,84.98,0.7025,1.0,False,CHG_00077,761.78,NEW_BUILDING,"change_ratio=0.70 >= 0.5 - 신축 추정 (건축물대장 미매칭, change_ratio 휴리스틱)",True,,,,,,,,1.0,1.0,0.8308,HIGH,-0.10644109049848216,0.605,NOT_SIG
lt_c_spbd.4107801016,412810035028,4128111300101760000003291,경기도,고양시 덕양구,용두동,화랑로286번길,44,82,,,0,,,1.0,0.0,44-82,41281,4376360,113,4128111300101760000,126.88386161774667,37.6199650526809,,단독주택,91.08,91.08,1.0,1.0,19880109, ,19880630,True,pnu,0.6,104.21,104.21,1.0,1.0,False,CHG_00077,761.78,EXPANSION_OR_RECONSTRUCTION,사용승인일=1988-06-30로 T1 이전부터 존재 - 증축/개축 확정(건축물대장 근거),,,,,,,,,1.0,1.0,0.92,HIGH,0.21345392367914792,0.723,NOT_SIG
lt_c_spbd.4107776358,412810006541,4128111300100400004026933,경기도,고양시 덕양구,용두동,봉산로,258,0,,,0,,,1.0,0.0,258,41281,3192030,113,4128111300100400004,126.89413708120577,37.61544186183522,,창고시설,980.0,980.0,1.0,0.0,19960102,19960610,19960920,True,pnu,0.6,563.66,316.6,0.5617,1.0,False,CHG_00090,416.21,EXPANSION_OR_RECONSTRUCTION,사용승인일=1996-09-20로 T1 이전부터 존재 - 증축/개축 확정(건축물대장 근거),,,,,,,,,1.0,1.0,0.7885,HIGH,-0.07769690081875257,0.699,NOT_SIG
lt_c_spbd.4107803497,412810078115,4128111300100390005000001,경기도,고양시 덕양구,용두동,봉산로,269,2,,,0,,,1.0,0.0,269-2,41281,3192030,113,4128111300100390005,126.8933690818076,37.61626771756658,,단독주택,24.48,24.48,1.0,0.0, , ,19840628,True,pnu,0.6,135.47,135.47,1.0,1.0,False,CHG_00090,416.21,EXPANSION_OR_RECONSTRUCTION,사용승인일=1984-06-28로 T1 이전부터 존재 - 증축/개축 확정(건축물대장 근거),,,,,,,,,1.0,1.0,0.92,HIGH,0.04233327189224512,0.84,NOT_SIG
lt_c_spbd.4107803496,412810078116,4128111300100390005000002,경기도,고양시 덕양구,용두동,봉산로,269,2,,,0,,,1.0,0.0,269-2,41281,3192030,113,4128111300100390005,126.89347936138537,37.61634615877885,,단독주택,24.48,24.48,1.0,0.0, , ,19840628,True,pnu,0.6,51.69,51.69,0.9999,1.0,False,CHG_00090,416.21,EXPANSION_OR_RECONSTRUCTION,사용승인일=1984-06-28로 T1 이전부터 존재 - 증축/개축 확정(건축물대장 근거),,,,,,,,,1.0,1.0,0.92,HIGH,0.04233327189224512,0.84,NOT_SIG
lt_c_spbd.4107782625,412810079315,4128111300101010001000001,경기도,고양시 덕양구,용두동,화랑로286번길,269,0,,,0,,,1.0,0.0,269,41281,4376360,113,4128111300101010001,126.89204101192618,37.618940395986996,,,,,,,,,,False,,1.0,81.37,0.75,0.0092,0.66,False,CHG_00082,-631.5,EXPANSION_OR_RECONSTRUCTION,"change_ratio=0.01 - 부분 변화, 증축/개축 추정 (건축물대장 미매칭, change_ratio 휴리스틱) - brightness_delta=-631.5(T2가 더 어두움)로 증축 기대 방향과 불일치, 재확인 권장",False,,,,,,,,0.66,1.0,0.5668,MEDIUM,-0.36263527141813123,0.339,NOT_SIG
lt_c_spbd.4107798919,412810078129,4128111300101080001000003,경기도,고양시 덕양구,용두동,봉산로,307,38,,,0,,,1.0,0.0,307-38,41281,3192030,113,4128111300101080001,126.89225794982883,37.61964326461694,,,,,,,,,,False,,1.0,113.72,84.21,0.7405,0.6667,False,CHG_00078,925.42,NEW_BUILDING,"change_ratio=0.74 >= 0.5 - 신축 추정 (건축물대장 미매칭, change_ratio 휴리스틱)",True,,,,,,,,0.6667,1.0,0.7888,HIGH,-0.6162332029473541,0.059,COLD_90
lt_c_spbd.4107798818,412810113635,4128111300101260001000001,경기도,고양시 덕양구,용두동,봉산로,287,68,,,0,,,1.0,0.0,287-68,41281,3192030,113,4128111300101260001,126.88999282375906,37.61772830179814,,자동차관련시설,99.0,99.0,1.0,0.0,20210705,20210914,20220425,True,pnu,0.6,102.47,102.47,1.0,0.6652,False,CHG_00087,-35.19,EXPANSION_OR_RECONSTRUCTION,사용승인일=2022-04-25로 T1 이전부터 존재 - 증축/개축 확정(건축물대장 근거),,,,,,,,,0.6652,1.0,0.7861,HIGH,-0.34135529873588044,0.259,NOT_SIG
lt_c_spbd.4107782622,412810078131,4128111300101200000000001,경기도,고양시 덕양구,용두동,화랑로286번길,236,0,,,0,,,1.0,0.0,236,41281,4376360,113,4128111300101200000,126.89050768288895,37.61975159331895,,,,,,,,,,False,,1.0,261.74,198.3,0.7576,0.9471,False,CHG_00080,31.63,NEW_BUILDING,"change_ratio=0.76 >= 0.5 - 신축 추정 (건축물대장 미매칭, change_ratio 휴리스틱)",True,,,,,,,,0.9471,1.0,0.9061,HIGH,0.1270359082549307,0.915,NOT_SIG
lt_c_spbd.4107806613,412810137246,4128111300101370000000003,경기도,고양시 덕양구,용두동,덕양로,222,1,,,0,,,1.0,0.0,222-1,41281,3351196,113,4128111300101370000,126.88920978102593,37.62080493701993,,,,,,,,,,False,,1.0,255.09,255.09,1.0,0.9471,False,CHG_00080,31.63,NEW_BUILDING,"change_ratio=1.00 >= 0.5 - 신축 추정 (건축물대장 미매칭, change_ratio 휴리스틱)",True,,,,,,,,0.9471,1.0,0.9788,HIGH,0.5347861473407642,0.139,NOT_SIG
lt_c_spbd.4107803134,412810082533,4128111300103400000000001,경기도,고양시 덕양구,용두동,용두로,96,30,,,0,,,1.0,0.0,96-30,41281,3192055,113,4128111300103400000,126.88955070195772,37.62091702719233,,,,,,,,,,False,,1.0,276.41,204.53,0.74,0.9471,False,CHG_00080,31.63,NEW_BUILDING,"change_ratio=0.74 >= 0.5 - 신축 추정 (건축물대장 미매칭, change_ratio 휴리스틱)",True,,,,,,,,0.9471,1.0,0.9008,HIGH,0.3941250642951223,0.303,NOT_SIG
lt_c_spbd.4107798918,412810078128,4128111300101080001000002,경기도,고양시 덕양구,용두동,봉산로,307,38,,,0,,,1.0,0.0,307-38,41281,3192030,113,4128111300101080001,126.89247524982,37.619656707929046,,,,,,,,,,False,,1.0,77.91,35.9,0.4608,0.6667,False,CHG_00078,925.42,EXPANSION_OR_RECONSTRUCTION,"change_ratio=0.46 - 부분 변화, 증축/개축 추정 (건축물대장 미매칭, change_ratio 휴리스틱)",True,,,,,,,,0.6667,1.0,0.7049,HIGH,-0.6162332029473541,0.075,COLD_90
lt_c_spbd.4107798921,412810078127,4128111300101080001000001,경기도,고양시 덕양구,용두동,봉산로,307,38,,,0,,,1.0,0.0,307-38,41281,3192030,113,4128111300101080001,126.89256185025485,37.61975351070327,,,,,,,,,,False,,1.0,108.32,0.0,0.0,,True,,,OTHER_CHANGE,"건물 본체 미교차, 버퍼 내 변화만 존재",,,,,,,,,0.0,0.3,0.23,LOW,-0.6162332029473541,0.231,NOT_SIG
lt_c_spbd.4107776317,412810095522,4128111300100190004000001,경기도,고양시 덕양구,용두동,용두로,125,0,,,0,,,2.0,0.0,125,41281,3192055,113,4128111300100190004,126.89373676894374,37.62066092035617,,제2종근린생활시설,207.81,415.62,2.0,0.0,20170703,20170714,20171127,True,pnu,0.6,208.06,54.89,0.2638,0.6324,False,CHG_00074,406.59,EXPANSION_OR_RECONSTRUCTION,사용승인일=2017-11-27로 T1 이전부터 존재 - 증축/개축 확정(건축물대장 근거),,,,,,,,,0.6324,1.0,0.5521,MEDIUM,-0.6162332029473541,0.115,NOT_SIG
lt_c_spbd.4107781421,412810016199,4128111300100190010016816,경기도,고양시 덕양구,용두동,용두로121번길,6,0,,,0,,,1.0,0.0,6,41281,4376162,113,4128111300100190010,126.89364722149529,37.62076753752366,,제2종근린생활시설,559.86,930.48,2.0,0.0,20081112,20090407,20091125,True,pnu,0.6,708.37,0.38,0.0005,0.6324,False,CHG_00074,406.59,EXPANSION_OR_RECONSTRUCTION,사용승인일=2009-11-25로 T1 이전부터 존재 - 증축/개축 확정(건축물대장 근거),,,,,,,,,0.6324,1.0,0.4731,MEDIUM,-0.6162332029473541,0.139,NOT_SIG
lt_c_spbd.4107802937,412810028387,4128111300100040006027007,경기도,고양시 덕양구,용두동,용두로,176,79,,,0,,,1.0,0.0,176-79,41281,3192055,113,4128111300100040006,126.89929759027572,37.619499810082445,,,,,,,,,,False,,1.0,157.37,157.37,1.0,1.0,False,CHG_00083,575.79,NEW_BUILDING,"change_ratio=1.00 >= 0.5 - 신축 추정 (건축물대장 미매칭, change_ratio 휴리스틱)",True,,,,,,,,1.0,1.0,1.0,HIGH,0.750135761957445,0.019,HOT_95
lt_c_spbd.4107802938,412810028388,4128111300100040006027008,경기도,고양시 덕양구,용두동,용두로,176,79,,,0,,,1.0,0.0,176-79,41281,3192055,113,4128111300100040006,126.89922078118411,37.6195344234352,,,,,,,,,,False,,1.0,159.97,159.97,1.0,1.0,False,CHG_00083,575.79,NEW_BUILDING,"change_ratio=1.00 >= 0.5 - 신축 추정 (건축물대장 미매칭, change_ratio 휴리스틱)",True,,,,,,,,1.0,1.0,1.0,HIGH,0.750135761957445,0.019,HOT_95
lt_c_spbd.4107802941,412810080698,4128111300100020017000001,경기도,고양시 덕양구,용두동,용두로,176,82,,,0,,,1.0,0.0,176-82,41281,3192055,113,4128111300100020017,126.89929692930895,37.61999081748323,,,,,,,,,,False,,1.0,78.24,78.24,0.9999,1.0,False,CHG_00083,575.79,NEW_BUILDING,"change_ratio=1.00 >= 0.5 - 신축 추정 (건축물대장 미매칭, change_ratio 휴리스틱)",True,,,,,,,,1.0,1.0,1.0,HIGH,0.7545864751981769,0.017,HOT_95
lt_c_spbd.4107802939,412810028386,4128111300100020097009436,경기도,고양시 덕양구,용두동,용두로,176,79,,,0,,,1.0,0.0,176-79,41281,3192055,113,4128111300100040006,126.89955416534093,37.6201055040778,,,,,,,,,,False,,1.0,37.91,37.91,1.0,1.0,False,CHG_00083,575.79,NEW_BUILDING,"change_ratio=1.00 >= 0.5 - 신축 추정 (건축물대장 미매칭, change_ratio 휴리스틱)",True,,,,,,,,1.0,1.0,1.0,HIGH,0.7545864751981769,0.017,HOT_95
lt_c_spbd.4107802940,412810028385,4128111300100020093002646,경기도,고양시 덕양구,용두동,용두로,176,80,,,0,,,1.0,0.0,176-80,41281,3192055,113,4128111300100020025,126.89924136483296,37.620213787292336,,,,,,,,,,False,,1.0,85.24,85.24,1.0,1.0,False,CHG_00083,575.79,NEW_BUILDING,"change_ratio=1.00 >= 0.5 - 신축 추정 (건축물대장 미매칭, change_ratio 휴리스틱)",True,,,,,,,,1.0,1.0,1.0,HIGH,0.7545864751981769,0.017,HOT_95
lt_c_spbd.4107802936,412810028381,4128111300100020024002645,경기도,고양시 덕양구,용두동,용두로,176,78,,,0,,,1.0,0.0,176-78,41281,3192055,113,4128111300100020024,126.89919729108885,37.620290114085385,,제2종근린생활시설,60.54,131.1,1.0,1.0,19930311, ,19931207,True,pnu,0.6,86.69,12.02,0.1387,1.0,False,CHG_00083,575.79,EXPANSION_OR_RECONSTRUCTION,사용승인일=1993-12-07로 T1 이전부터 존재 - 증축/개축 확정(건축물대장 근거),,,,,,,,,1.0,1.0,0.6616,MEDIUM,0.7545864751981769,0.003,HOT_99
lt_c_spbd.4107775787,412810006010,4128111300100010035016739,경기도,고양시 덕양구,용두동,서오릉로,314,0,,,0,,,3.0,0.0,314,41281,3000007,113,4128111300100010035,126.9024797359327,37.621221287516434,,,,,,,,,,False,,1.0,132.17,17.78,0.1345,1.0,False,CHG_00071,578.72,EXPANSION_OR_RECONSTRUCTION,"change_ratio=0.13 - 부분 변화, 증축/개축 추정 (건축물대장 미매칭, change_ratio 휴리스틱)",True,,,,,,,,1.0,1.0,0.7403,HIGH,0.9070234036932568,0.003,HOT_99
lt_c_spbd.4107788010,412810021603,4128111300100010013034004,경기도,고양시 덕양구,용두동,서오릉로,324,13,,,0,,,1.0,0.0,324-13,41281,3000007,113,4128111300100010013,126.90185867676956,37.621602968317546,,,,,,,,,,False,,1.0,167.39,160.94,0.9614,1.0,False,CHG_00071,578.72,NEW_BUILDING,"change_ratio=0.96 >= 0.5 - 신축 추정 (건축물대장 미매칭, change_ratio 휴리스틱)",True,,,,,,,,1.0,1.0,0.9884,HIGH,0.9114741169339887,0.003,HOT_99
lt_c_spbd.4107788007,412810021598,4128111300100010013027303,경기도,고양시 덕양구,용두동,서오릉로,324,13,,,0,,,1.0,0.0,324-13,41281,3000007,113,4128111300100010013,126.90216769560953,37.62173930340032,,,,,,,,,,False,,1.0,95.3,95.3,1.0,1.0,False,CHG_00071,578.72,NEW_BUILDING,"change_ratio=1.00 >= 0.5 - 신축 추정 (건축물대장 미매칭, change_ratio 휴리스틱)",True,,,,,,,,1.0,1.0,1.0,HIGH,1.0274244691743153,0.003,HOT_99
lt_c_spbd.4107788005,412810021590,4128111300100010013026938,경기도,고양시 덕양구,용두동,서오릉로,324,13,,,0,,,1.0,0.0,324-13,41281,3000007,113,4128111300100010013,126.90186695006659,37.6217727295225,,,,,,,,,,False,,1.0,39.26,39.26,1.0,1.0,False,CHG_00071,578.72,NEW_BUILDING,"change_ratio=1.00 >= 0.5 - 신축 추정 (건축물대장 미매칭, change_ratio 휴리스틱)",True,,,,,,,,1.0,1.0,1.0,HIGH,0.9114741169339887,0.003,HOT_99
lt_c_spbd.4107788006,412810021588,4128111300100010013009433,경기도,고양시 덕양구,용두동,서오릉로,324,13,,,0,,,1.0,0.0,324-13,41281,3000007,113,4128111300100010013,126.90234661120259,37.62180503449646,,,,,,,,,,False,,1.0,145.07,145.07,1.0,1.0,False,CHG_00071,578.72,NEW_BUILDING,"change_ratio=1.00 >= 0.5 - 신축 추정 (건축물대장 미매칭, change_ratio 휴리스틱)",True,,,,,,,,1.0,1.0,1.0,HIGH,1.0327096911476843,0.003,HOT_99
lt_c_spbd.4107788011,412810021595,4128111300100010013027018,경기도,고양시 덕양구,용두동,서오릉로,324,13,,,0,,,1.0,0.0,324-13,41281,3000007,113,4128111300100010013,126.90196756430785,37.6218044424682,,,,,,,,,,False,,1.0,39.69,39.69,0.9999,1.0,False,CHG_00071,578.72,NEW_BUILDING,"change_ratio=1.00 >= 0.5 - 신축 추정 (건축물대장 미매칭, change_ratio 휴리스틱)",True,,,,,,,,1.0,1.0,1.0,HIGH,1.0274244691743153,0.003,HOT_99
lt_c_spbd.4107788015,412810021589,4128111300100010013009434,경기도,고양시 덕양구,용두동,서오릉로,324,14,,,0,,,1.0,0.0,324-14,41281,3000007,113,4128111300100010013,126.90274423826753,37.62182819223466,,,,,,,,,,False,,1.0,101.32,101.32,1.0,1.0,False,CHG_00071,578.72,NEW_BUILDING,"change_ratio=1.00 >= 0.5 - 신축 추정 (건축물대장 미매칭, change_ratio 휴리스틱)",True,,,,,,,,1.0,1.0,1.0,HIGH,1.0326633295514263,0.003,HOT_99
lt_c_spbd.4107788008,412810021597,4128111300100010013027302,경기도,고양시 덕양구,용두동,서오릉로,324,13,,,0,,,1.0,0.0,324-13,41281,3000007,113,4128111300100010013,126.90224435888331,37.62182834980523,,,,,,,,,,False,,1.0,104.0,104.0,1.0,1.0,False,CHG_00071,578.72,NEW_BUILDING,"change_ratio=1.00 >= 0.5 - 신축 추정 (건축물대장 미매칭, change_ratio 휴리스틱)",True,,,,,,,,1.0,1.0,1.0,HIGH,1.032756052743943,0.003,HOT_99
lt_c_spbd.4107788009,412810021599,4128111300100010013027304,경기도,고양시 덕양구,용두동,서오릉로,324,13,,,0,,,1.0,0.0,324-13,41281,3000007,113,4128111300100010013,126.90213175493365,37.621833574658304,,,,,,,,,,False,,1.0,58.47,58.47,0.9999,1.0,False,CHG_00071,578.72,NEW_BUILDING,"change_ratio=1.00 >= 0.5 - 신축 추정 (건축물대장 미매칭, change_ratio 휴리스틱)",True,,,,,,,,1.0,1.0,1.0,HIGH,1.0328024143402008,0.003,HOT_99
lt_c_spbd.4107788004,412810021596,4128111300100010013027019,경기도,고양시 덕양구,용두동,서오릉로,324,13,,,0,,,1.0,0.0,324-13,41281,3000007,113,4128111300100010013,126.9021203215344,37.62190255868751,,,,,,,,,,False,,1.0,35.05,35.05,1.0,1.0,False,CHG_00071,578.72,NEW_BUILDING,"change_ratio=1.00 >= 0.5 - 신축 추정 (건축물대장 미매칭, change_ratio 휴리스틱)",True,,,,,,,,1.0,1.0,1.0,HIGH,1.032756052743943,0.003,HOT_99
lt_c_spbd.4107788014,412810021592,4128111300100010013027015,경기도,고양시 덕양구,용두동,서오릉로,324,14,,,0,,,1.0,0.0,324-14,41281,3000007,113,4128111300100010013,126.9024693016544,37.62190071183989,,,,,,,,,,False,,1.0,22.11,22.11,1.0,1.0,False,CHG_00071,578.72,NEW_BUILDING,"change_ratio=1.00 >= 0.5 - 신축 추정 (건축물대장 미매칭, change_ratio 휴리스틱)",True,,,,,,,,1.0,1.0,1.0,HIGH,1.0326633295514263,0.003,HOT_99
lt_c_spbd.4107788012,412810021591,4128111300100010013027014,경기도,고양시 덕양구,용두동,서오릉로,324,14,,,0,,,1.0,0.0,324-14,41281,3000007,113,4128111300100010013,126.9026040431722,37.62192882230963,,,,,,,,,,False,,1.0,9.44,9.44,0.9998,1.0,False,CHG_00071,578.72,NEW_BUILDING,"change_ratio=1.00 >= 0.5 - 신축 추정 (건축물대장 미매칭, change_ratio 휴리스틱)",True,,,,,,,,1.0,1.0,0.9999,HIGH,1.0326633295514263,0.003,HOT_99
lt_c_spbd.4107788013,412810021594,4128111300100010013027017,경기도,고양시 덕양구,용두동,서오릉로,324,14,,,0,,,1.0,0.0,324-14,41281,3000007,113,4128111300100010013,126.90244545618532,37.621941274771565,,,,,,,,,,False,,1.0,5.63,5.63,1.0,1.0,False,CHG_00071,578.72,NEW_BUILDING,"change_ratio=1.00 >= 0.5 - 신축 추정 (건축물대장 미매칭, change_ratio 휴리스틱)",True,,,,,,,,1.0,1.0,1.0,HIGH,1.0326633295514263,0.003,HOT_99
lt_c_spbd.4107788019,412810021593,4128111300100010013027016,경기도,고양시 덕양구,용두동,서오릉로,324,14,,,0,,,1.0,0.0,324-14,41281,3000007,113,4128111300100010013,126.90242982577189,37.62197709987166,,,,,,,,,,False,,1.0,10.66,10.66,0.9998,1.0,False,CHG_00071,578.72,NEW_BUILDING,"change_ratio=1.00 >= 0.5 - 신축 추정 (건축물대장 미매칭, change_ratio 휴리스틱)",True,,,,,,,,1.0,1.0,0.9999,HIGH,1.0326633295514263,0.003,HOT_99
lt_c_spbd.4107782620,412810084196,4128111300103080000000001,경기도,고양시 덕양구,용두동,화랑로286번길,182,0,,,0,,,1.0,0.0,182,41281,4376360,113,4128111300103080000,126.88827065477074,37.621276287087156,,,,,,,,,,False,,1.0,29.67,0.01,0.0004,0.9471,False,CHG_00080,31.63,EXPANSION_OR_RECONSTRUCTION,"change_ratio=0.00 - 부분 변화, 증축/개축 추정 (건축물대장 미매칭, change_ratio 휴리스틱)",True,,,,,,,,0.9471,1.0,0.679,MEDIUM,0.7493476148210633,0.003,HOT_99
lt_c_spbd.4107782619,412810016366,4128111300103040000009803,경기도,고양시 덕양구,용두동,화랑로286번길,158,0,,,0,,,1.0,0.0,158,41281,4376360,113,4128111300103040000,126.88701209567762,37.621574951489336,,동물및식물관련시설,298.1,298.1,1.0,0.0,20040511,20040524,20040910,True,pnu,0.6,227.92,227.92,1.0,0.9779,False,CHG_00073,-38.99,EXPANSION_OR_RECONSTRUCTION,사용승인일=2004-09-10로 T1 이전부터 존재 - 증축/개축 확정(건축물대장 근거),,,,,,,,,0.9779,1.0,0.9112,HIGH,0.190690379916653,0.759,NOT_SIG
lt_c_spbd.4107803141,412810092384,4128111300102980001000002,경기도,고양시 덕양구,용두동,용두로,96,80,,,0,,,1.0,0.0,96-80,41281,3192055,113,4128111300102980001,126.8870975509056,37.62215869978152,,,,,,,,,,False,,1.0,79.06,79.06,1.0,0.9779,False,CHG_00073,-38.99,NEW_BUILDING,"change_ratio=1.00 >= 0.5 - 신축 추정 (건축물대장 미매칭, change_ratio 휴리스틱) - brightness_delta=-39.0(T2가 더 어두움)로 신축 기대 방향과 불일치, 재확인 권장",False,,,,,,,,0.9779,1.0,0.9912,HIGH,0.190690379916653,0.847,NOT_SIG
lt_c_spbd.4107803140,412810092383,4128111300102980001000001,경기도,고양시 덕양구,용두동,용두로,96,80,,,0,,,1.0,0.0,96-80,41281,3192055,113,4128111300102980001,126.88701115753919,37.62220121754449,,,,,,,,,,False,,1.0,83.15,83.15,1.0,0.9779,False,CHG_00073,-38.99,NEW_BUILDING,"change_ratio=1.00 >= 0.5 - 신축 추정 (건축물대장 미매칭, change_ratio 휴리스틱) - brightness_delta=-39.0(T2가 더 어두움)로 신축 기대 방향과 불일치, 재확인 권장",False,,,,,,,,0.9779,1.0,0.9912,HIGH,0.190690379916653,0.847,NOT_SIG
lt_c_spbd.4107798805,412810078147,4128111300101880004000002,경기도,고양시 덕양구,용두동,화랑로286번길,30,39,,,0,,,1.0,0.0,30-39,41281,4376360,113,4128111300101880004,126.88141914092421,37.61996592992827,,,,,,,,,,False,,1.0,141.27,141.27,1.0,0.8185,False,CHG_00076,1120.0,NEW_BUILDING,"change_ratio=1.00 >= 0.5 - 신축 추정 (건축물대장 미매칭, change_ratio 휴리스틱)",True,,,,,,,,0.8185,1.0,0.9274,HIGH,0.14075894074718828,0.911,NOT_SIG
lt_c_spbd.4107798806,412810078146,4128111300101880004000001,경기도,고양시 덕양구,용두동,화랑로286번길,30,39,,,0,,,1.0,0.0,30-39,41281,4376360,113,4128111300101880004,126.88124234441008,37.619967255674354,,,,,,,,,,False,,1.0,360.08,351.36,0.9758,0.8185,False,CHG_00076,1120.0,NEW_BUILDING,"change_ratio=0.98 >= 0.5 - 신축 추정 (건축물대장 미매칭, change_ratio 휴리스틱)",True,,,,,,,,0.8185,1.0,0.9201,HIGH,0.14075894074718828,0.895,NOT_SIG
lt_c_spbd.4107796592,412810078151,4128111300101910002000001,경기도,고양시 덕양구,용두동,화랑로286번길,42,55,,,0,,,1.0,0.0,42-55,41281,4376360,113,4128111300101910002,126.8830804788428,37.62009172739532,,,,,,,,,,False,,1.0,168.97,168.97,1.0,1.0,False,CHG_00077,761.78,NEW_BUILDING,"change_ratio=1.00 >= 0.5 - 신축 추정 (건축물대장 미매칭, change_ratio 휴리스틱)",True,,,,,,,,1.0,1.0,1.0,HIGH,0.31901927835776617,0.541,NOT_SIG
lt_c_spbd.4107806612,412810137244,4128111300101370000000001,경기도,고양시 덕양구,용두동,덕양로,222,1,,,0,,,1.0,0.0,222-1,41281,3351196,113,4128111300101370000,126.88882782014305,37.62068580716401,,,,,,,,,,False,,1.0,300.84,300.84,1.0,0.9471,False,CHG_00080,31.63,NEW_BUILDING,"change_ratio=1.00 >= 0.5 - 신축 추정 (건축물대장 미매칭, change_ratio 휴리스틱)",True,,,,,,,,0.9471,1.0,0.9788,HIGH,0.5347861473407642,0.143,NOT_SIG
lt_c_spbd.4107806614,412810137245,4128111300101370000000002,경기도,고양시 덕양구,용두동,덕양로,222,1,,,0,,,1.0,0.0,222-1,41281,3351196,113,4128111300101370000,126.88896363589728,37.62082948504401,,,,,,,,,,False,,1.0,86.66,86.66,1.0,0.9471,False,CHG_00080,31.63,NEW_BUILDING,"change_ratio=1.00 >= 0.5 - 신축 추정 (건축물대장 미매칭, change_ratio 휴리스틱)",True,,,,,,,,0.9471,1.0,0.9788,HIGH,0.5347861473407642,0.143,NOT_SIG
lt_c_spbd.4107782621,412810088580,4128111300103090000000001,경기도,고양시 덕양구,용두동,화랑로286번길,192,0,,,0,,,1.0,0.0,192,41281,4376360,113,4128111300103090000,126.88879724565257,37.62101332611182,,,,,,,,,,False,,1.0,154.97,154.97,1.0,0.9471,False,CHG_00080,31.63,NEW_BUILDING,"change_ratio=1.00 >= 0.5 - 신축 추정 (건축물대장 미매칭, change_ratio 휴리스틱)",True,,,,,,,,0.9471,1.0,0.9788,HIGH,0.7098938964058226,0.025,HOT_95
lt_c_spbd.4107801014,412810035027,4128111300101750000033153,경기도,고양시 덕양구,용두동,화랑로286번길,44,78,,,0,,,1.0,0.0,44-78,41281,4376360,113,4128111300101750000,126.88410200804262,37.62001731448598,,단독주택,22.5,22.5,1.0,0.0, , ,19850821,True,road_address,0.6,105.32,100.58,0.955,1.0,False,CHG_00077,761.78,EXPANSION_OR_RECONSTRUCTION,사용승인일=1985-08-21로 T1 이전부터 존재 - 증축/개축 확정(건축물대장 근거),,,,,,,,,1.0,1.0,0.9065,HIGH,0.25054320068525,0.599,NOT_SIG
lt_c_spbd.4107801013,412810035025,4128111300101740002026700,경기도,고양시 덕양구,용두동,화랑로286번길,44,78,,,0,,,1.0,0.0,44-78,41281,4376360,113,4128111300101750000,126.88390251335798,37.62006732267919,,단독주택,22.5,22.5,1.0,0.0, , ,19850821,True,road_address,0.6,75.47,75.47,1.0,1.0,False,CHG_00077,761.78,EXPANSION_OR_RECONSTRUCTION,사용승인일=1985-08-21로 T1 이전부터 존재 - 증축/개축 확정(건축물대장 근거),,,,,,,,,1.0,1.0,0.92,HIGH,0.21345392367914792,0.695,NOT_SIG
lt_c_spbd.4107801012,412810035026,4128111300101750000003042,경기도,고양시 덕양구,용두동,화랑로286번길,44,78,,,0,,,1.0,0.0,44-78,41281,4376360,113,4128111300101750000,126.88402875115004,37.62009380607648,,단독주택,22.5,22.5,1.0,0.0, , ,19850821,True,road_address,0.6,113.32,113.32,1.0,1.0,False,CHG_00077,761.78,EXPANSION_OR_RECONSTRUCTION,사용승인일=1985-08-21로 T1 이전부터 존재 - 증축/개축 확정(건축물대장 근거),,,,,,,,,1.0,1.0,0.92,HIGH,0.25054320068525,0.607,NOT_SIG
lt_c_spbd.4107801011,412810035024,4128111300101740000018682,경기도,고양시 덕양구,용두동,화랑로286번길,44,72,,,0,,,1.0,0.0,44-72,41281,4376360,113,4128111300101740000,126.88404488028203,37.620184826580726,,제1종근린생활시설,139.84,139.84,1.0,0.0,20090515,20090708,20091208,True,road_address,0.6,178.0,178.0,1.0,1.0,False,CHG_00077,761.78,EXPANSION_OR_RECONSTRUCTION,사용승인일=2009-12-08로 T1 이전부터 존재 - 증축/개축 확정(건축물대장 근거),,,,,,,,,1.0,1.0,0.92,HIGH,0.25054320068525,0.607,NOT_SIG
lt_c_spbd.4107801010,412810035023,4128111300101730000016703,경기도,고양시 덕양구,용두동,화랑로286번길,44,72,,,0,,,1.0,0.0,44-72,41281,4376360,113,4128111300101740000,126.88404243510396,37.620352653478434,,제1종근린생활시설,139.84,139.84,1.0,0.0,20090515,20090708,20091208,True,road_address,0.6,258.58,258.58,1.0,1.0,False,CHG_00077,761.78,EXPANSION_OR_RECONSTRUCTION,사용승인일=2009-12-08로 T1 이전부터 존재 - 증축/개축 확정(건축물대장 근거),,,,,,,,,1.0,1.0,0.92,HIGH,0.25054320068525,0.607,NOT_SIG
lt_c_spbd.4107801112,412810091644,4128111300102140000000001,경기도,고양시 덕양구,용두동,화랑로286번길,104,23,,,0,,,1.0,0.0,104-23,41281,4376360,113,4128111300102140000,126.8855898500891,37.62076282667228,,,,,,,,,,False,,1.0,181.4,3.13,0.0173,0.9779,False,CHG_00073,-38.99,EXPANSION_OR_RECONSTRUCTION,"change_ratio=0.02 - 부분 변화, 증축/개축 추정 (건축물대장 미매칭, change_ratio 휴리스틱) - brightness_delta=-39.0(T2가 더 어두움)로 증축 기대 방향과 불일치, 재확인 권장",False,,,,,,,,0.9779,1.0,0.6963,MEDIUM,0.7210670411039117,0.003,HOT_99
lt_c_spbd.4107801009,412810101708,4128111300101710007000001,경기도,고양시 덕양구,용두동,화랑로286번길,44,53,,,0,,,1.0,0.0,44-53,41281,4376360,113,4128111300101710007,126.88400723036722,37.62112235170552,,,,,,,,,,False,,1.0,63.89,63.89,1.0,1.0,False,CHG_00077,761.78,NEW_BUILDING,"change_ratio=1.00 >= 0.5 - 신축 추정 (건축물대장 미매칭, change_ratio 휴리스틱)",True,,,,,,,,1.0,1.0,1.0,HIGH,0.7879668245036685,0.011,HOT_95
lt_c_spbd.4107796611,412810078152,4128111300101940001000001,경기도,고양시 덕양구,용두동,화랑로286번길,42,41,,,0,,,1.0,0.0,42-41,41281,4376360,113,4128111300101940001,126.88293107674446,37.62081318671071,,,,,,,,,,False,,1.0,128.53,117.49,0.9141,1.0,False,CHG_00077,761.78,NEW_BUILDING,"change_ratio=0.91 >= 0.5 - 신축 추정 (건축물대장 미매칭, change_ratio 휴리스틱)",True,,,,,,,,1.0,1.0,0.9742,HIGH,0.6486038661532397,0.055,HOT_90
lt_c_spbd.4107782613,412810084195,4128111300102080000000001,경기도,고양시 덕양구,용두동,화랑로286번길,80,0,,,0,,,1.0,0.0,80,41281,4376360,113,4128111300102080000,126.88260136257088,37.62220007832393,,,,,,,,,,False,,1.0,1777.16,0.0,0.0,,True,,,OTHER_CHANGE,"건물 본체 미교차, 버퍼 내 변화만 존재",,,,,,,,,0.0,0.3,0.23,LOW,-0.05562878100012206,0.605,NOT_SIG
lt_c_spbd.4107782615,412810078159,4128111300102200001000003,경기도,고양시 덕양구,용두동,화랑로286번길,108,0,,,0,,,1.0,0.0,108,41281,4376360,113,4128111300102200001,126.88547923374504,37.62166474054214,,,,,,,,,,False,,1.0,108.04,108.04,1.0,0.9779,False,CHG_00073,-38.99,NEW_BUILDING,"change_ratio=1.00 >= 0.5 - 신축 추정 (건축물대장 미매칭, change_ratio 휴리스틱) - brightness_delta=-39.0(T2가 더 어두움)로 신축 기대 방향과 불일치, 재확인 권장",False,,,,,,,,0.9779,1.0,0.9912,HIGH,0.36440728109398374,0.425,NOT_SIG
lt_c_spbd.4107782616,412810078157,4128111300102200001000001,경기도,고양시 덕양구,용두동,화랑로286번길,108,0,,,0,,,1.0,0.0,108,41281,4376360,113,4128111300102200001,126.88517735594101,37.621704055715085,,,,,,,,,,False,,1.0,191.83,191.83,1.0,0.9779,False,CHG_00073,-38.99,NEW_BUILDING,"change_ratio=1.00 >= 0.5 - 신축 추정 (건축물대장 미매칭, change_ratio 휴리스틱) - brightness_delta=-39.0(T2가 더 어두움)로 신축 기대 방향과 불일치, 재확인 권장",False,,,,,,,,0.9779,1.0,0.9912,HIGH,0.36440728109398374,0.425,NOT_SIG
lt_c_spbd.4107782617,412810078158,4128111300102200001000002,경기도,고양시 덕양구,용두동,화랑로286번길,108,0,,,0,,,1.0,0.0,108,41281,4376360,113,4128111300102200001,126.88532179949796,37.62171839701914,,,,,,,,,,False,,1.0,237.61,237.61,1.0,0.9779,False,CHG_00073,-38.99,NEW_BUILDING,"change_ratio=1.00 >= 0.5 - 신축 추정 (건축물대장 미매칭, change_ratio 휴리스틱) - brightness_delta=-39.0(T2가 더 어두움)로 신축 기대 방향과 불일치, 재확인 권장",False,,,,,,,,0.9779,1.0,0.9912,HIGH,0.36440728109398374,0.425,NOT_SIG
lt_c_spbd.4107803443,412810079572,4128111300107990000000001,경기도,고양시 덕양구,용두동,화랑로,309,8,,,0,,,1.0,0.0,309-8,41281,3192097,113,4128111300107990000,126.88037971034433,37.623583938225224,,,,,,,,,,False,,1.0,59.69,59.69,0.9999,0.7512,False,CHG_00065,-153.23,NEW_BUILDING,"change_ratio=1.00 >= 0.5 - 신축 추정 (건축물대장 미매칭, change_ratio 휴리스틱) - brightness_delta=-153.2(T2가 더 어두움)로 신축 기대 방향과 불일치, 재확인 권장",False,,,,,,,,0.7512,1.0,0.9004,HIGH,0.021099660806251728,0.797,NOT_SIG
lt_c_spbd.4107775992,412810079564,4128111300107610002000001,경기도,고양시 덕양구,용두동,화랑로,287,1,,,0,,,1.0,0.0,287-1,41281,3192097,113,4128111300107610002,126.87894851239321,37.62207993948836,,,,,,,,,,False,,1.0,129.36,111.3,0.8604,0.6667,False,CHG_00069,1125.31,NEW_BUILDING,"change_ratio=0.86 >= 0.5 - 신축 추정 (건축물대장 미매칭, change_ratio 휴리스틱)",True,,,,,,,,0.6667,1.0,0.8248,HIGH,0.10895488571445605,0.883,NOT_SIG
lt_c_spbd.4107803442,412810081561,4128111300107880000000001,경기도,고양시 덕양구,용두동,화랑로,309,1,,,0,,,1.0,0.0,309-1,41281,3192097,113,4128111300107880000,126.88012376884254,37.62310296595878,,,,,,,,,,False,,1.0,199.75,199.75,1.0,0.7512,False,CHG_00065,-153.23,NEW_BUILDING,"change_ratio=1.00 >= 0.5 - 신축 추정 (건축물대장 미매칭, change_ratio 휴리스틱) - brightness_delta=-153.2(T2가 더 어두움)로 신축 기대 방향과 불일치, 재확인 권장",False,,,,,,,,0.7512,1.0,0.9005,HIGH,-0.19638258723827887,0.347,NOT_SIG
lt_c_spbd.4107803444,412810079571,4128111300107940000000001,경기도,고양시 덕양구,용두동,화랑로,309,14,,,0,,,1.0,0.0,309-14,41281,3192097,113,4128111300107940000,126.8799358821051,37.62357844237326,,,,,,,,,,False,,1.0,110.9,110.9,1.0,0.7512,False,CHG_00065,-153.23,NEW_BUILDING,"change_ratio=1.00 >= 0.5 - 신축 추정 (건축물대장 미매칭, change_ratio 휴리스틱) - brightness_delta=-153.2(T2가 더 어두움)로 신축 기대 방향과 불일치, 재확인 권장",False,,,,,,,,0.7512,1.0,0.9005,HIGH,0.021099660806251728,0.8,NOT_SIG
lt_c_spbd.4107803445,412810079573,4128111300108020000000001,경기도,고양시 덕양구,용두동,화랑로,309,30,,,0,,,1.0,0.0,309-30,41281,3192097,113,4128111300108020000,126.87938329598127,37.62382554452512,,,,,,,,,,False,,1.0,112.35,112.35,1.0,0.7512,False,CHG_00065,-153.23,NEW_BUILDING,"change_ratio=1.00 >= 0.5 - 신축 추정 (건축물대장 미매칭, change_ratio 휴리스틱) - brightness_delta=-153.2(T2가 더 어두움)로 신축 기대 방향과 불일치, 재확인 권장",False,,,,,,,,0.7512,1.0,0.9005,HIGH,0.2855462058597589,0.519,NOT_SIG
lt_c_spbd.4107803143,412810092666,4128111300102990000000002,경기도,고양시 덕양구,용두동,용두로,96,90,,,0,,,1.0,0.0,96-90,41281,3192055,113,4128111300102990000,126.88641886334702,37.62242481232251,,,,,,,,,,False,,1.0,289.64,139.88,0.4829,0.9779,False,CHG_00073,-38.99,EXPANSION_OR_RECONSTRUCTION,"change_ratio=0.48 - 부분 변화, 증축/개축 추정 (건축물대장 미매칭, change_ratio 휴리스틱) - brightness_delta=-39.0(T2가 더 어두움)로 증축 기대 방향과 불일치, 재확인 권장",False,,,,,,,,0.9779,1.0,0.836,HIGH,0.33543128343296613,0.357,NOT_SIG
lt_c_spbd.4107776286,412810006500,4128111300102960001016889,경기도,고양시 덕양구,용두동,용두로,50,0,,,0,,,1.0,0.0,50,41281,3192055,113,4128111300102960001,126.88690374137232,37.62263318016768,,창고시설,165.6,165.6,1.0,0.0,20021210,20030611,20031024,True,pnu,0.6,179.61,18.85,0.1049,0.9779,False,CHG_00073,-38.99,EXPANSION_OR_RECONSTRUCTION,사용승인일=2003-10-24로 T1 이전부터 존재 - 증축/개축 확정(건축물대장 근거),,,,,,,,,0.9779,1.0,0.6426,MEDIUM,0.33543128343296613,0.223,NOT_SIG
lt_c_spbd.4107776283,412810006464,4128111300102270003001346,경기도,고양시 덕양구,용두동,용두로,48,0,,,0,,,1.0,0.0,48,41281,3192055,113,4128111300102270003,126.88649473832825,37.62263635457411,,동물및식물관련시설,297.0,297.0,1.0,0.0,20000309,20000325,20000710,True,pnu,0.6,347.08,0.0,0.0,,True,,,OTHER_CHANGE,"건물 본체 미교차, 버퍼 내 변화만 존재",,,,,,,,,0.0,0.3,0.15,LOW,0.33543128343296613,0.019,HOT_95
lt_c_spbd.4107792087,412810079398,4128111300103610082000001,경기도,고양시 덕양구,용두동,용두로47번길,136,32,,,0,,,1.0,0.0,136-32,41281,4376164,113,4128111300103610082,126.89289076216902,37.62447350054593,,,,,,,,,,False,,1.0,68.17,0.0,0.0,,True,,,OTHER_CHANGE,"건물 본체 미교차, 버퍼 내 변화만 존재",,,,,,,,,0.0,0.3,0.23,LOW,-0.227120325557086,0.923,NOT_SIG
lt_c_spbd.4107782603,412810107803,4128111300103840001000001,경기도,고양시 덕양구,용두동,화랑로332번길,40,0,,,0,,,1.0,0.0,40,41281,4376361,113,4128111300103840001,126.88400412548086,37.624987102667504,,단독주택,110.76,98.76,1.0,0.0,20170707, ,20210316,True,pnu,0.6,115.24,90.15,0.7823,0.9866,False,CHG_00061,713.07,EXPANSION_OR_RECONSTRUCTION,사용승인일=2021-03-16로 T1 이전부터 존재 - 증축/개축 확정(건축물대장 근거),,,,,,,,,0.9866,1.0,0.8493,HIGH,-0.3742256704825382,0.187,NOT_SIG
lt_c_spbd.4107782564,412810016328,4128111300104080004016937,경기도,고양시 덕양구,용두동,용두로35번길,51,0,,,0,,,1.0,0.0,51,41281,4376163,113,4128111300104080004,126.88442830311472,37.62520456625235,,제1종근린생활시설,466.5,792.38,2.0,0.0,20081001,20081124,20100706,True,pnu,0.6,407.27,407.27,1.0,0.9866,False,CHG_00061,713.07,EXPANSION_OR_RECONSTRUCTION,사용승인일=2010-07-06로 T1 이전부터 존재 - 증축/개축 확정(건축물대장 근거),,,,,,,,,0.9866,1.0,0.9146,HIGH,-0.19267365953766882,0.347,NOT_SIG
lt_c_spbd.4107782565,412810028448,4128111300104080003003442,경기도,고양시 덕양구,용두동,용두로35번길,63,2,,,0,,,1.0,0.0,63-2,41281,4376163,113,4128111300104080003,126.88416469808037,37.62539761260371,,단독주택,27.56,27.56,1.0,0.0,1963    , , ,True,pnu,0.6,68.19,21.56,0.3162,0.9866,False,CHG_00061,713.07,EXPANSION_OR_RECONSTRUCTION,"change_ratio=0.32 - 부분 변화, 증축/개축 추정 (건축물대장 미매칭, change_ratio 휴리스틱)",True,,,,,,,,0.9866,1.0,0.7095,HIGH,-0.19267365953766882,0.514,NOT_SIG
lt_c_spbd.4107782573,412810101984,4128111300104100004000001,경기도,고양시 덕양구,용두동,용두로35번길,115,0,,,0,,,1.0,0.0,115,41281,4376163,113,4128111300104100004,126.88215111035316,37.626270811488695,,,,,,,,,,False,,1.0,53.65,0.0,0.0,,True,,,OTHER_CHANGE,"건물 본체 미교차, 버퍼 내 변화만 존재",,,,,,,,,0.0,0.3,0.23,LOW,0.28253270210301323,0.069,HOT_90
lt_c_spbd.4107776000,412810006201,4128111300107140004009186,경기도,고양시 덕양구,용두동,화랑로,347,0,,,0,,,1.0,0.0,347,41281,3192097,113,4128111300107140004,126.88104823397532,37.62641704128521,,,,,,,,,,False,,1.0,147.26,147.26,1.0,0.9656,False,CHG_00057,136.34,NEW_BUILDING,"change_ratio=1.00 >= 0.5 - 신축 추정 (건축물대장 미매칭, change_ratio 휴리스틱)",True,,,,,,,,0.9656,1.0,0.9862,HIGH,0.45606415689531293,0.275,NOT_SIG
lt_c_spbd.4107798749,412810079401,4128111300103650003000001,경기도,고양시 덕양구,용두동,화랑로,378,124,,,0,,,1.0,0.0,378-124,41281,3192097,113,4128111300103650003,126.88677191623407,37.62636048167654,,,,,,,,,,False,,1.0,140.4,54.38,0.3873,0.8016,False,CHG_00053,143.99,EXPANSION_OR_RECONSTRUCTION,"change_ratio=0.39 - 부분 변화, 증축/개축 추정 (건축물대장 미매칭, change_ratio 휴리스틱)",True,,,,,,,,0.8016,1.0,0.7368,HIGH,0.10111977594691658,0.823,NOT_SIG
lt_c_spbd.4107798746,412810079403,4128111300103660001000001,경기도,고양시 덕양구,용두동,화랑로,378,116,,,0,,,1.0,0.0,378-116,41281,3192097,113,4128111300103660001,126.88615095027835,37.6265965300994,,,,,,,,,,False,,1.0,143.66,9.26,0.0644,0.8016,False,CHG_00053,143.99,EXPANSION_OR_RECONSTRUCTION,"change_ratio=0.06 - 부분 변화, 증축/개축 추정 (건축물대장 미매칭, change_ratio 휴리스틱)",True,,,,,,,,0.8016,1.0,0.64,MEDIUM,0.14483876121785946,0.609,NOT_SIG
lt_c_spbd.4107798743,412810079400,4128111300103640002000001,경기도,고양시 덕양구,용두동,화랑로,378,108,,,0,,,1.0,0.0,378-108,41281,3192097,113,4128111300103640002,126.88696166104694,37.62681997080517,,,,,,,,,,False,,1.0,108.63,108.63,1.0,0.8016,False,CHG_00053,143.99,NEW_BUILDING,"change_ratio=1.00 >= 0.5 - 신축 추정 (건축물대장 미매칭, change_ratio 휴리스틱)",True,,,,,,,,0.8016,1.0,0.9206,HIGH,-0.03555420982056991,0.687,NOT_SIG
lt_c_spbd.4107806483,412810089697,4128111300106980001000001,경기도,고양시 덕양구,용두동,화랑로,345,12,,,0,,,1.0,0.0,345-12,41281,3192097,113,4128111300106980001,126.88024102057781,37.62602420121405,,,,,,,,,,False,,1.0,74.16,74.16,1.0,0.9656,False,CHG_00057,136.34,NEW_BUILDING,"change_ratio=1.00 >= 0.5 - 신축 추정 (건축물대장 미매칭, change_ratio 휴리스틱)",True,,,,,,,,0.9656,1.0,0.9862,HIGH,0.45606415689531293,0.271,NOT_SIG
lt_c_spbd.4107803463,412810083481,4128111300106910001000001,경기도,고양시 덕양구,용두동,서오릉로,569,112,,,0,,,1.0,0.0,569-112,41281,3000007,113,4128111300106910001,126.87862961727095,37.627928105030165,,,,,,,,,,False,,1.0,71.83,0.0,0.0,,True,,,OTHER_CHANGE,"건물 본체 미교차, 버퍼 내 변화만 존재",,,,,,,,,0.0,0.3,0.23,LOW,0.11488917003543246,0.279,NOT_SIG
lt_c_spbd.4107803462,412810079525,4128111300106380002000001,경기도,고양시 덕양구,용두동,서오릉로,569,110,,,0,,,1.0,0.0,569-110,41281,3000007,113,4128111300106380002,126.87838957627905,37.62806256605269,,,,,,,,,,False,,1.0,48.5,48.5,1.0,0.777,False,CHG_00046,-465.35,NEW_BUILDING,"change_ratio=1.00 >= 0.5 - 신축 추정 (건축물대장 미매칭, change_ratio 휴리스틱) - brightness_delta=-465.4(T2가 더 어두움)로 신축 기대 방향과 불일치, 재확인 권장",False,,,,,,,,0.777,1.0,0.9108,HIGH,0.07807806260687623,0.939,NOT_SIG
lt_c_spbd.4107803461,412810086432,4128111300106380001000001,경기도,고양시 덕양구,용두동,서오릉로,569,108,,,0,,,1.0,0.0,569-108,41281,3000007,113,4128111300106380001,126.87822070361614,37.62818255990488,,,,,,,,,,False,,1.0,36.77,36.77,1.0,0.777,False,CHG_00046,-465.35,NEW_BUILDING,"change_ratio=1.00 >= 0.5 - 신축 추정 (건축물대장 미매칭, change_ratio 휴리스틱) - brightness_delta=-465.4(T2가 더 어두움)로 신축 기대 방향과 불일치, 재확인 권장",False,,,,,,,,0.777,1.0,0.9108,HIGH,0.07807806260687623,0.939,NOT_SIG
lt_c_spbd.4107798728,412810078194,4128111300103610172000002,경기도,고양시 덕양구,용두동,용두로121번길,154,39,,,0,,,1.0,0.0,154-39,41281,4376162,113,4128111300103610172,126.89213139855275,37.62653335027571,,,,,,,,,,False,,1.0,124.15,36.67,0.2954,0.9068,False,CHG_00052,346.45,EXPANSION_OR_RECONSTRUCTION,"change_ratio=0.30 - 부분 변화, 증축/개축 추정 (건축물대장 미매칭, change_ratio 휴리스틱)",True,,,,,,,,0.9068,1.0,0.7513,HIGH,-0.007412720892189026,0.915,NOT_SIG
lt_c_spbd.4107798721,412810079394,4128111300103610033000001,경기도,고양시 덕양구,용두동,용두로121번길,154,29,,,0,,,1.0,0.0,154-29,41281,4376162,113,4128111300103610033,126.8917299063368,37.62669620078944,,단독주택,165.0,165.0,1.0,0.0,20000211,20000217,20000522,True,pnu,0.6,250.57,250.57,1.0,0.9068,False,CHG_00052,346.45,EXPANSION_OR_RECONSTRUCTION,사용승인일=2000-05-22로 T1 이전부터 존재 - 증축/개축 확정(건축물대장 근거),,,,,,,,,0.9068,1.0,0.8827,HIGH,-0.007412720892189026,0.789,NOT_SIG
lt_c_spbd.4107798727,412810078193,4128111300103610172000001,경기도,고양시 덕양구,용두동,용두로121번길,154,39,,,0,,,1.0,0.0,154-39,41281,4376162,113,4128111300103610172,126.89210355323286,37.62672251292925,,,,,,,,,,False,,1.0,154.45,154.45,1.0,0.9068,False,CHG_00052,346.45,NEW_BUILDING,"change_ratio=1.00 >= 0.5 - 신축 추정 (건축물대장 미매칭, change_ratio 휴리스틱)",True,,,,,,,,0.9068,1.0,0.9627,HIGH,-0.2252195001105229,0.291,NOT_SIG
lt_c_spbd.4107798726,412810078184,4128111300103610028000001,경기도,고양시 덕양구,용두동,용두로121번길,154,37,,,0,,,1.0,0.0,154-37,41281,4376162,113,4128111300103610028,126.89208527765507,37.62693651937418,,단독주택,65.16,65.16,1.0,0.0, , ,20010414,True,pnu,0.6,313.18,288.77,0.922,0.9068,False,CHG_00052,346.45,EXPANSION_OR_RECONSTRUCTION,사용승인일=2001-04-14로 T1 이전부터 존재 - 증축/개축 확정(건축물대장 근거),,,,,,,,,0.9068,1.0,0.8593,HIGH,-0.2252195001105229,0.339,NOT_SIG
lt_c_spbd.4107798729,412810089156,4128111300103610030000001,경기도,고양시 덕양구,용두동,용두로121번길,154,55,,,0,,,1.0,0.0,154-55,41281,4376162,113,4128111300103610030,126.89276744414911,37.6266854757417,,,,,,,,,,False,,1.0,150.23,150.23,1.0,0.9068,False,CHG_00052,346.45,NEW_BUILDING,"change_ratio=1.00 >= 0.5 - 신축 추정 (건축물대장 미매칭, change_ratio 휴리스틱)",True,,,,,,,,0.9068,1.0,0.9627,HIGH,0.008628391412950224,0.749,NOT_SIG
lt_c_spbd.4107782476,412810016233,4128111300103610059035250,경기도,고양시 덕양구,용두동,용두로121번길,179,0,,,0,,,3.0,0.0,179,41281,4376162,113,4128111300103610059,126.88968170386327,37.62686541336915,,제1종근린생활시설,833.25,833.25,1.0,0.0,20130617,20140822,20141216,True,pnu,0.6,182.36,21.36,0.1171,0.9118,False,CHG_00051,-3.17,EXPANSION_OR_RECONSTRUCTION,사용승인일=2014-12-16로 T1 이전부터 존재 - 증축/개축 확정(건축물대장 근거),,,,,,,,,0.9118,1.0,0.6198,MEDIUM,-0.6051064198455232,0.095,COLD_90
lt_c_spbd.4107775848,412810006088,4128111300104320121032978,경기도,고양시 덕양구,용두동,서오릉로,452,0,,,0,,,1.0,0.0,452,41281,3000007,113,4128111300104320121,126.89028915272539,37.627876779346224,,제2종근린생활시설,165.96,265.92,2.0,0.0,19960713,19960905,19970509,True,pnu,0.6,16.43,15.38,0.9364,0.9118,False,CHG_00051,-3.17,EXPANSION_OR_RECONSTRUCTION,사용승인일=1997-05-09로 T1 이전부터 존재 - 증축/개축 확정(건축물대장 근거),,,,,,,,,0.9118,1.0,0.8656,HIGH,-0.6051064198455232,0.037,COLD_95
lt_c_spbd.4107775850,412810006087,4128111300104320121003671,경기도,고양시 덕양구,용두동,서오릉로,452,0,,,0,,,1.0,0.0,452,41281,3000007,113,4128111300104320121,126.8903874076984,37.62788445929303,,제2종근린생활시설,165.96,265.92,2.0,0.0,19960713,19960905,19970509,True,pnu,0.6,114.27,7.76,0.0679,0.9118,False,CHG_00051,-3.17,EXPANSION_OR_RECONSTRUCTION,사용승인일=1997-05-09로 T1 이전부터 존재 - 증축/개축 확정(건축물대장 근거),,,,,,,,,0.9118,1.0,0.6051,MEDIUM,-0.6051064198455232,0.097,COLD_90
lt_c_spbd.4107775851,412810006064,4128111300104320030003522,경기도,고양시 덕양구,용두동,서오릉로,456,0,,,0,,,2.0,0.0,456,41281,3000007,113,4128111300104320030,126.89009867674417,37.627946701423795,,제1종근린생활시설,296.6,296.6,1.0,0.0,20150708,20150715,20151002,True,pnu,0.6,190.48,34.72,0.1823,0.9118,False,CHG_00051,-3.17,EXPANSION_OR_RECONSTRUCTION,사용승인일=2015-10-02로 T1 이전부터 존재 - 증축/개축 확정(건축물대장 근거),,,,,,,,,0.9118,1.0,0.6394,MEDIUM,-0.6051064198455232,0.089,COLD_90
lt_c_spbd.4107798725,412810092657,4128111300103610034023280,경기도,고양시 덕양구,용두동,용두로121번길,154,35,,,0,,,1.0,0.0,154-35,41281,4376162,113,4128111300103610034,126.89178528749312,37.62707836428513,,,,,,,,,,False,,1.0,81.42,0.0,0.0,,True,,,OTHER_CHANGE,"건물 본체 미교차, 버퍼 내 변화만 존재",,,,,,,,,0.0,0.3,0.23,LOW,-0.2252195001105229,0.941,NOT_SIG
lt_c_spbd.4107775849,412810006089,4128111300104320121032979,경기도,고양시 덕양구,용두동,서오릉로,452,0,,,0,,,1.0,0.0,452,41281,3000007,113,4128111300104320121,126.89037144273115,37.627950566129186,,제2종근린생활시설,165.96,265.92,2.0,0.0,19960713,19960905,19970509,True,pnu,0.6,83.44,0.0,0.0,,True,,,OTHER_CHANGE,"건물 본체 미교차, 버퍼 내 변화만 존재",,,,,,,,,0.0,0.3,0.15,LOW,-0.6051064198455232,0.271,NOT_SIG
lt_c_spbd.4107803477,412810086076,4128111300108300000000001,경기도,고양시 덕양구,용두동,해포길,481,20,,,0,,,1.0,0.0,481-20,41281,4376293,113,4128111300108300000,126.8744627365527,37.61888783134539,,,,,,,,,,False,,1.0,231.43,231.43,1.0,0.8599,False,CHG_00086,-437.84,NEW_BUILDING,"change_ratio=1.00 >= 0.5 - 신축 추정 (건축물대장 미매칭, change_ratio 휴리스틱) - brightness_delta=-437.8(T2가 더 어두움)로 신축 기대 방향과 불일치, 재확인 권장",False,,,,,,,,0.8599,1.0,0.944,HIGH,-0.08673741208898988,0.523,NOT_SIG
lt_c_spbd.4107803441,412810079569,4128111300107670000000001,경기도,고양시 덕양구,용두동,화랑로,279,13,,,0,,,1.0,0.0,279-13,41281,3192097,113,4128111300107670000,126.87773320937906,37.62148461647142,,,,,,,,,,False,,1.0,95.11,64.1,0.674,0.966,False,CHG_00070,355.37,NEW_BUILDING,"change_ratio=0.67 >= 0.5 - 신축 추정 (건축물대장 미매칭, change_ratio 휴리스틱)",True,,,,,,,,0.966,1.0,0.8886,HIGH,-0.1284628487208548,0.487,NOT_SIG
lt_c_spbd.4107798763,412810091278,4128111300106980006000001,경기도,고양시 덕양구,용두동,화랑로,375,107,,,0,,,1.0,0.0,375-107,41281,3192097,113,4128111300106980006,126.87735170949655,37.62561228958717,,,,,,,,,,False,,1.0,773.67,0.35,0.0004,0.9656,False,CHG_00057,136.34,EXPANSION_OR_RECONSTRUCTION,"change_ratio=0.00 - 부분 변화, 증축/개축 추정 (건축물대장 미매칭, change_ratio 휴리스틱)",True,,,,,,,,0.9656,1.0,0.6864,MEDIUM,-0.22633217842070671,0.485,NOT_SIG
lt_c_spbd.4107798762,412810091279,4128111300106980006000002,경기도,고양시 덕양구,용두동,화랑로,375,107,,,0,,,1.0,0.0,375-107,41281,3192097,113,4128111300106980006,126.87747562829605,37.62564335566675,,,,,,,,,,False,,1.0,762.2,225.35,0.2957,0.9656,False,CHG_00057,136.34,EXPANSION_OR_RECONSTRUCTION,"change_ratio=0.30 - 부분 변화, 증축/개축 추정 (건축물대장 미매칭, change_ratio 휴리스틱)",True,,,,,,,,0.9656,1.0,0.775,HIGH,-0.22633217842070671,0.415,NOT_SIG
lt_c_spbd.4107798761,412810091280,4128111300106980006000003,경기도,고양시 덕양구,용두동,화랑로,375,107,,,0,,,1.0,0.0,375-107,41281,3192097,113,4128111300106980006,126.87758999316236,37.62567942011598,,,,,,,,,,False,,1.0,686.39,261.27,0.3806,0.9656,False,CHG_00057,136.34,EXPANSION_OR_RECONSTRUCTION,"change_ratio=0.38 - 부분 변화, 증축/개축 추정 (건축물대장 미매칭, change_ratio 휴리스틱)",True,,,,,,,,0.9656,1.0,0.8004,HIGH,-0.22633217842070671,0.387,NOT_SIG
lt_c_spbd.4107803437,412810079409,4128111300103740001000001,경기도,고양시 덕양구,용두동,용두로35번길,90,8,,,0,,,1.0,0.0,90-8,41281,4376163,113,4128111300103740001,126.88430593184019,37.62682282869633,,,,,,,,,,False,,1.0,85.39,6.52,0.0763,0.9642,False,CHG_00050,-397.37,EXPANSION_OR_RECONSTRUCTION,"change_ratio=0.08 - 부분 변화, 증축/개축 추정 (건축물대장 미매칭, change_ratio 휴리스틱) - brightness_delta=-397.4(T2가 더 어두움)로 증축 기대 방향과 불일치, 재확인 권장",False,,,,,,,,0.9642,1.0,0.7086,HIGH,-0.23324005626309297,0.459,NOT_SIG
lt_c_spbd.4107798742,412810084305,4128111300103690000000001,경기도,고양시 덕양구,용두동,화랑로,378,80,,,0,,,1.0,0.0,378-80,41281,3192097,113,4128111300103690000,126.88575113799831,37.627270406624866,,,,,,,,,,False,,1.0,1202.49,1040.78,0.8655,0.9642,False,CHG_00050,-397.37,NEW_BUILDING,"change_ratio=0.87 >= 0.5 - 신축 추정 (건축물대장 미매칭, change_ratio 휴리스틱) - brightness_delta=-397.4(T2가 더 어두움)로 신축 기대 방향과 불일치, 재확인 권장",False,,,,,,,,0.9642,1.0,0.9453,HIGH,0.006032142022521899,0.749,NOT_SIG
lt_c_spbd.4107798741,412810079407,4128111300103690001000001,경기도,고양시 덕양구,용두동,화랑로,378,76,,,0,,,1.0,0.0,378-76,41281,3192097,113,4128111300103690001,126.88522592456016,37.627659567655016,,,,,,,,,,False,,1.0,254.33,105.55,0.415,0.9642,False,CHG_00050,-397.37,EXPANSION_OR_RECONSTRUCTION,"change_ratio=0.41 - 부분 변화, 증축/개축 추정 (건축물대장 미매칭, change_ratio 휴리스틱) - brightness_delta=-397.4(T2가 더 어두움)로 증축 기대 방향과 불일치, 재확인 권장",False,,,,,,,,0.9642,1.0,0.8102,HIGH,0.004502209346020368,0.873,NOT_SIG
lt_c_spbd.4107798740,412810088184,4128111300103700000000001,경기도,고양시 덕양구,용두동,화랑로,378,64,,,0,,,1.0,0.0,378-64,41281,3192097,113,4128111300103700000,126.88464550636729,37.62769764167727,,,,,,,,,,False,,1.0,77.5,3.47,0.0448,0.9642,False,CHG_00050,-397.37,EXPANSION_OR_RECONSTRUCTION,"change_ratio=0.04 - 부분 변화, 증축/개축 추정 (건축물대장 미매칭, change_ratio 휴리스틱) - brightness_delta=-397.4(T2가 더 어두움)로 증축 기대 방향과 불일치, 재확인 권장",False,,,,,,,,0.9642,1.0,0.6991,MEDIUM,0.004502209346020368,0.989,NOT_SIG
lt_c_spbd.4107776001,412810077751,4128111300107200001000001,경기도,고양시 덕양구,용두동,화랑로,351,0,,,0,,,1.0,0.0,351,41281,3192097,113,4128111300107200001,126.8810857714353,37.62695948177688,,,,,,,,,,False,,1.0,279.57,279.57,1.0,0.9656,False,CHG_00057,136.34,NEW_BUILDING,"change_ratio=1.00 >= 0.5 - 신축 추정 (건축물대장 미매칭, change_ratio 휴리스틱)",True,,,,,,,,0.9656,1.0,0.9862,HIGH,0.45606415689531293,0.277,NOT_SIG
lt_c_spbd.4107776004,412810077752,4128111300107200001000002,경기도,고양시 덕양구,용두동,화랑로,351,0,,,0,,,1.0,0.0,351,41281,3192097,113,4128111300107200001,126.88092201824908,37.62703035820246,,,,,,,,,,False,,1.0,71.8,71.8,1.0,0.9656,False,CHG_00057,136.34,NEW_BUILDING,"change_ratio=1.00 >= 0.5 - 신축 추정 (건축물대장 미매칭, change_ratio 휴리스틱)",True,,,,,,,,0.9656,1.0,0.9862,HIGH,0.45606415689531293,0.277,NOT_SIG
lt_c_spbd.4107776002,412810077754,4128111300107200001000004,경기도,고양시 덕양구,용두동,화랑로,351,0,,,0,,,1.0,0.0,351,41281,3192097,113,4128111300107200001,126.88072503180052,37.627041440186794,,,,,,,,,,False,,1.0,29.74,29.74,1.0,0.9656,False,CHG_00057,136.34,NEW_BUILDING,"change_ratio=1.00 >= 0.5 - 신축 추정 (건축물대장 미매칭, change_ratio 휴리스틱)",True,,,,,,,,0.9656,1.0,0.9862,HIGH,0.45606415689531293,0.277,NOT_SIG
lt_c_spbd.4107776003,412810077753,4128111300107200001000003,경기도,고양시 덕양구,용두동,화랑로,351,0,,,0,,,1.0,0.0,351,41281,3192097,113,4128111300107200001,126.8807571952164,37.627090786646846,,,,,,,,,,False,,1.0,109.97,109.97,1.0,0.9656,False,CHG_00057,136.34,NEW_BUILDING,"change_ratio=1.00 >= 0.5 - 신축 추정 (건축물대장 미매칭, change_ratio 휴리스틱)",True,,,,,,,,0.9656,1.0,0.9862,HIGH,0.45606415689531293,0.277,NOT_SIG
lt_c_spbd.4107776005,412810091772,4128111300107230000000001,경기도,고양시 덕양구,용두동,화랑로,357,1,,,0,,,1.0,0.0,357-1,41281,3192097,113,4128111300107230000,126.88096765178919,37.62729405406475,,,,,,,,,,False,,1.0,71.51,71.51,1.0,0.9656,False,CHG_00057,136.34,NEW_BUILDING,"change_ratio=1.00 >= 0.5 - 신축 추정 (건축물대장 미매칭, change_ratio 휴리스틱)",True,,,,,,,,0.9656,1.0,0.9862,HIGH,0.4511034660957468,0.289,NOT_SIG
lt_c_spbd.4107775953,412810078268,4128111300106220043000003,경기도,고양시 덕양구,용두동,서오릉로,541,0,,,0,,,1.0,0.0,541,41281,3000007,113,4128111300106220043,126.8808534124273,37.6297091053073,,,,,,,,,,False,,1.0,147.14,147.14,1.0,0.8457,False,CHG_00044,130.65,NEW_BUILDING,"change_ratio=1.00 >= 0.5 - 신축 추정 (건축물대장 미매칭, change_ratio 휴리스틱)",True,,,,,,,,0.8457,1.0,0.9383,HIGH,-0.27427006895109307,0.267,NOT_SIG
lt_c_spbd.4107775952,412810078267,4128111300106220043000002,경기도,고양시 덕양구,용두동,서오릉로,541,0,,,0,,,1.0,0.0,541,41281,3000007,113,4128111300106220043,126.88092868666912,37.62996361915309,,,,,,,,,,False,,1.0,131.98,80.87,0.6127,0.8457,False,CHG_00044,130.65,NEW_BUILDING,"change_ratio=0.61 >= 0.5 - 신축 추정 (건축물대장 미매칭, change_ratio 휴리스틱)",True,,,,,,,,0.8457,1.0,0.8221,HIGH,-0.3173399918744286,0.275,NOT_SIG
lt_c_spbd.4107776015,412810078262,4128111300106120002000001,경기도,고양시 덕양구,용두동,화랑로,387,0,,,0,,,1.0,0.0,387,41281,3192097,113,4128111300106120002,126.88152702117208,37.62996454855791,,,,,,,,,,False,,1.0,99.31,0.0,0.0,,True,,,OTHER_CHANGE,"건물 본체 미교차, 버퍼 내 변화만 존재",,,,,,,,,0.0,0.3,0.23,LOW,-0.342236169064775,0.69,NOT_SIG
lt_c_spbd.4107775935,412810006129,4128111300104340005026750,경기도,고양시 덕양구,용두동,서오릉로,524,0,,,0,,,1.0,0.0,524,41281,3000007,113,4128111300104340005,126.88403727858255,37.630066999582304,,,,,,,,,,False,,1.0,53.2,21.78,0.4095,0.9927,False,CHG_00041,-1171.08,EXPANSION_OR_RECONSTRUCTION,"change_ratio=0.41 - 부분 변화, 증축/개축 추정 (건축물대장 미매칭, change_ratio 휴리스틱) - brightness_delta=-1171.1(T2가 더 어두움)로 증축 기대 방향과 불일치, 재확인 권장",False,,,,,,,,0.9927,1.0,0.8199,HIGH,0.8894059971153574,0.003,HOT_99
lt_c_spbd.4107775939,412810006130,4128111300104340005026751,경기도,고양시 덕양구,용두동,서오릉로,524,0,,,0,,,1.0,0.0,524,41281,3000007,113,4128111300104340005,126.88410642956637,37.630171370783565,,,,,,,,,,False,,1.0,171.58,148.84,0.8675,0.9927,False,CHG_00041,-1171.08,NEW_BUILDING,"change_ratio=0.87 >= 0.5 - 신축 추정 (건축물대장 미매칭, change_ratio 휴리스틱) - brightness_delta=-1171.1(T2가 더 어두움)로 신축 기대 방향과 불일치, 재확인 권장",False,,,,,,,,0.9927,1.0,0.9573,HIGH,0.8900550594629639,0.003,HOT_99
lt_c_spbd.4107775933,412810006128,4128111300104340005026749,경기도,고양시 덕양구,용두동,서오릉로,524,0,,,0,,,1.0,0.0,524,41281,3000007,113,4128111300104340005,126.88406017174051,37.630223973325286,,,,,,,,,,False,,1.0,168.79,168.79,1.0,0.9927,False,CHG_00041,-1171.08,NEW_BUILDING,"change_ratio=1.00 >= 0.5 - 신축 추정 (건축물대장 미매칭, change_ratio 휴리스틱) - brightness_delta=-1171.1(T2가 더 어두움)로 신축 기대 방향과 불일치, 재확인 권장",False,,,,,,,,0.9927,1.0,0.9971,HIGH,0.8900550594629639,0.003,HOT_99
lt_c_spbd.4107775927,412810006123,4128111300104340005026744,경기도,고양시 덕양구,용두동,서오릉로,524,0,,,0,,,1.0,0.0,524,41281,3000007,113,4128111300104340005,126.88401130943322,37.630275383839376,,,,,,,,,,False,,1.0,166.94,166.94,1.0,0.9927,False,CHG_00041,-1171.08,NEW_BUILDING,"change_ratio=1.00 >= 0.5 - 신축 추정 (건축물대장 미매칭, change_ratio 휴리스틱) - brightness_delta=-1171.1(T2가 더 어두움)로 신축 기대 방향과 불일치, 재확인 권장",False,,,,,,,,0.9927,1.0,0.9971,HIGH,0.8900550594629639,0.003,HOT_99
lt_c_spbd.4107775925,412810006122,4128111300104340005026743,경기도,고양시 덕양구,용두동,서오릉로,524,0,,,0,,,1.0,0.0,524,41281,3000007,113,4128111300104340005,126.88396277764836,37.63032402433599,,,,,,,,,,False,,1.0,168.66,163.26,0.968,0.9927,False,CHG_00041,-1171.08,NEW_BUILDING,"change_ratio=0.97 >= 0.5 - 신축 추정 (건축물대장 미매칭, change_ratio 휴리스틱) - brightness_delta=-1171.1(T2가 더 어두움)로 신축 기대 방향과 불일치, 재확인 권장",False,,,,,,,,0.9927,1.0,0.9875,HIGH,0.8900550594629639,0.003,HOT_99
lt_c_spbd.4107775923,412810006148,4128111300104340006026766,경기도,고양시 덕양구,용두동,서오릉로,524,0,,,0,,,1.0,0.0,524,41281,3000007,113,4128111300104340005,126.88302507008893,37.63018962675708,,,,,,,,,,False,,1.0,177.11,8.61,0.0486,0.9927,False,CHG_00041,-1171.08,EXPANSION_OR_RECONSTRUCTION,"change_ratio=0.05 - 부분 변화, 증축/개축 추정 (건축물대장 미매칭, change_ratio 휴리스틱) - brightness_delta=-1171.1(T2가 더 어두움)로 증축 기대 방향과 불일치, 재확인 권장",False,,,,,,,,0.9927,1.0,0.7117,HIGH,0.7174044749995592,0.003,HOT_99
lt_c_spbd.4107775921,412810006142,4128111300104340006026760,경기도,고양시 덕양구,용두동,서오릉로,524,0,,,0,,,1.0,0.0,524,41281,3000007,113,4128111300104340005,126.88308771931591,37.630232560070326,,,,,,,,,,False,,1.0,168.95,93.43,0.553,0.9927,False,CHG_00041,-1171.08,NEW_BUILDING,"change_ratio=0.55 >= 0.5 - 신축 추정 (건축물대장 미매칭, change_ratio 휴리스틱) - brightness_delta=-1171.1(T2가 더 어두움)로 신축 기대 방향과 불일치, 재확인 권장",False,,,,,,,,0.9927,1.0,0.863,HIGH,0.7174044749995592,0.009,HOT_99
lt_c_spbd.4107775938,412810006143,4128111300104340006026761,경기도,고양시 덕양구,용두동,서오릉로,524,0,,,0,,,1.0,0.0,524,41281,3000007,113,4128111300104340005,126.8831528194946,37.63026932667417,,,,,,,,,,False,,1.0,164.98,161.11,0.9766,0.9927,False,CHG_00041,-1171.08,NEW_BUILDING,"change_ratio=0.98 >= 0.5 - 신축 추정 (건축물대장 미매칭, change_ratio 휴리스틱) - brightness_delta=-1171.1(T2가 더 어두움)로 신축 기대 방향과 불일치, 재확인 권장",False,,,,,,,,0.9927,1.0,0.9901,HIGH,0.7174044749995592,0.017,HOT_95
lt_c_spbd.4107775916,412810006144,4128111300104340006026762,경기도,고양시 덕양구,용두동,서오릉로,524,0,,,0,,,1.0,0.0,524,41281,3000007,113,4128111300104340005,126.88321703687124,37.630306953224476,,,,,,,,,,False,,1.0,172.28,172.28,1.0,0.9927,False,CHG_00041,-1171.08,NEW_BUILDING,"change_ratio=1.00 >= 0.5 - 신축 추정 (건축물대장 미매칭, change_ratio 휴리스틱) - brightness_delta=-1171.1(T2가 더 어두움)로 신축 기대 방향과 불일치, 재확인 권장",False,,,,,,,,0.9927,1.0,0.9971,HIGH,0.7174044749995592,0.017,HOT_95
lt_c_spbd.4107775932,412810006137,4128111300104340006026755,경기도,고양시 덕양구,용두동,서오릉로,524,0,,,0,,,1.0,0.0,524,41281,3000007,113,4128111300104340005,126.88302998479227,37.630393349278386,,,,,,,,,,False,,1.0,69.34,16.87,0.2433,0.9927,False,CHG_00041,-1171.08,EXPANSION_OR_RECONSTRUCTION,"change_ratio=0.24 - 부분 변화, 증축/개축 추정 (건축물대장 미매칭, change_ratio 휴리스틱) - brightness_delta=-1171.1(T2가 더 어두움)로 증축 기대 방향과 불일치, 재확인 권장",False,,,,,,,,0.9927,1.0,0.7701,HIGH,0.7174044749995592,0.005,HOT_99
lt_c_spbd.4107775936,412810006134,4128111300104340006009311,경기도,고양시 덕양구,용두동,서오릉로,524,0,,,0,,,1.0,0.0,524,41281,3000007,113,4128111300104340005,126.88327951985555,37.63034490125075,,,,,,,,,,False,,1.0,169.91,169.91,1.0,0.9927,False,CHG_00041,-1171.08,NEW_BUILDING,"change_ratio=1.00 >= 0.5 - 신축 추정 (건축물대장 미매칭, change_ratio 휴리스틱) - brightness_delta=-1171.1(T2가 더 어두움)로 신축 기대 방향과 불일치, 재확인 권장",False,,,,,,,,0.9927,1.0,0.9971,HIGH,0.8497204707188282,0.003,HOT_99
lt_c_spbd.4107775928,412810006121,4128111300104340005026742,경기도,고양시 덕양구,용두동,서오릉로,524,0,,,0,,,1.0,0.0,524,41281,3000007,113,4128111300104340005,126.88391627079787,37.630373964737785,,,,,,,,,,False,,1.0,158.17,130.09,0.8225,0.9927,False,CHG_00041,-1171.08,NEW_BUILDING,"change_ratio=0.82 >= 0.5 - 신축 추정 (건축물대장 미매칭, change_ratio 휴리스틱) - brightness_delta=-1171.1(T2가 더 어두움)로 신축 기대 방향과 불일치, 재확인 권장",False,,,,,,,,0.9927,1.0,0.9438,HIGH,0.9722078080314798,0.003,HOT_99
lt_c_spbd.4107775922,412810006125,4128111300104340005026746,경기도,고양시 덕양구,용두동,서오릉로,524,0,,,0,,,1.0,0.0,524,41281,3000007,113,4128111300104340005,126.88334346531377,37.63038147801686,,,,,,,,,,False,,1.0,167.36,167.36,1.0,0.9927,False,CHG_00041,-1171.08,NEW_BUILDING,"change_ratio=1.00 >= 0.5 - 신축 추정 (건축물대장 미매칭, change_ratio 휴리스틱) - brightness_delta=-1171.1(T2가 더 어두움)로 신축 기대 방향과 불일치, 재확인 권장",False,,,,,,,,0.9927,1.0,0.9971,HIGH,0.8497204707188282,0.003,HOT_99
lt_c_spbd.4107775934,412810006126,4128111300104340005026747,경기도,고양시 덕양구,용두동,서오릉로,524,0,,,0,,,1.0,0.0,524,41281,3000007,113,4128111300104340005,126.88340822977733,37.63041878958633,,,,,,,,,,False,,1.0,171.45,171.07,0.9978,0.9927,False,CHG_00041,-1171.08,NEW_BUILDING,"change_ratio=1.00 >= 0.5 - 신축 추정 (건축물대장 미매칭, change_ratio 휴리스틱) - brightness_delta=-1171.1(T2가 더 어두움)로 신축 기대 방향과 불일치, 재확인 권장",False,,,,,,,,0.9927,1.0,0.9964,HIGH,1.0164831324575143,0.003,HOT_99
lt_c_spbd.4107775937,412810006127,4128111300104340005026748,경기도,고양시 덕양구,용두동,서오릉로,524,0,,,0,,,1.0,0.0,524,41281,3000007,113,4128111300104340005,126.88386773141903,37.63042858747191,,,,,,,,,,False,,1.0,181.12,180.01,0.9939,0.9927,False,CHG_00041,-1171.08,NEW_BUILDING,"change_ratio=0.99 >= 0.5 - 신축 추정 (건축물대장 미매칭, change_ratio 휴리스틱) - brightness_delta=-1171.1(T2가 더 어두움)로 신축 기대 방향과 불일치, 재확인 권장",False,,,,,,,,0.9927,1.0,0.9952,HIGH,0.990010660994409,0.003,HOT_99
lt_c_spbd.4107775931,412810006124,4128111300104340005026745,경기도,고양시 덕양구,용두동,서오릉로,524,0,,,0,,,1.0,0.0,524,41281,3000007,113,4128111300104340005,126.88347250234045,37.630456478569386,,,,,,,,,,False,,1.0,161.53,161.53,1.0,0.9927,False,CHG_00041,-1171.08,NEW_BUILDING,"change_ratio=1.00 >= 0.5 - 신축 추정 (건축물대장 미매칭, change_ratio 휴리스틱) - brightness_delta=-1171.1(T2가 더 어두움)로 신축 기대 방향과 불일치, 재확인 권장",False,,,,,,,,0.9927,1.0,0.9971,HIGH,1.019728444195548,0.003,HOT_99
lt_c_spbd.4107775930,412810006131,4128111300104340005026752,경기도,고양시 덕양구,용두동,서오릉로,524,0,,,0,,,1.0,0.0,524,41281,3000007,113,4128111300104340005,126.88353720648081,37.630492302437275,,,,,,,,,,False,,1.0,171.66,171.66,1.0,0.9927,False,CHG_00041,-1171.08,NEW_BUILDING,"change_ratio=1.00 >= 0.5 - 신축 추정 (건축물대장 미매칭, change_ratio 휴리스틱) - brightness_delta=-1171.1(T2가 더 어두움)로 신축 기대 방향과 불일치, 재확인 권장",False,,,,,,,,0.9927,1.0,0.9971,HIGH,1.019728444195548,0.003,HOT_99
lt_c_spbd.4107775917,412810006132,4128111300104340005026753,경기도,고양시 덕양구,용두동,서오릉로,524,0,,,0,,,1.0,0.0,524,41281,3000007,113,4128111300104340005,126.88359922496606,37.63053273844419,,,,,,,,,,False,,1.0,168.27,167.51,0.9955,0.9927,False,CHG_00041,-1171.08,NEW_BUILDING,"change_ratio=1.00 >= 0.5 - 신축 추정 (건축물대장 미매칭, change_ratio 휴리스틱) - brightness_delta=-1171.1(T2가 더 어두움)로 신축 기대 방향과 불일치, 재확인 권장",False,,,,,,,,0.9927,1.0,0.9957,HIGH,1.0188475738666531,0.003,HOT_99
lt_c_spbd.4107775926,412810006133,4128111300104340005026754,경기도,고양시 덕양구,용두동,서오릉로,524,0,,,0,,,1.0,0.0,524,41281,3000007,113,4128111300104340005,126.88366294055608,37.630569377144695,,,,,,,,,,False,,1.0,169.57,169.57,1.0,0.9927,False,CHG_00041,-1171.08,NEW_BUILDING,"change_ratio=1.00 >= 0.5 - 신축 추정 (건축물대장 미매칭, change_ratio 휴리스틱) - brightness_delta=-1171.1(T2가 더 어두움)로 신축 기대 방향과 불일치, 재확인 권장",False,,,,,,,,0.9927,1.0,0.9971,HIGH,0.9941368430613376,0.003,HOT_99
lt_c_spbd.4107775940,412810006119,4128111300104340004026740,경기도,고양시 덕양구,용두동,서오릉로,524,0,,,0,,,1.0,0.0,524,41281,3000007,113,4128111300104340005,126.88372627723228,37.63060775907786,,,,,,,,,,False,,1.0,169.19,169.19,1.0,0.9927,False,CHG_00041,-1171.08,NEW_BUILDING,"change_ratio=1.00 >= 0.5 - 신축 추정 (건축물대장 미매칭, change_ratio 휴리스틱) - brightness_delta=-1171.1(T2가 더 어두움)로 신축 기대 방향과 불일치, 재확인 권장",False,,,,,,,,0.9927,1.0,0.9971,HIGH,0.9941368430613376,0.003,HOT_99
lt_c_spbd.4107803458,412810079531,4128111300106510000000001,경기도,고양시 덕양구,용두동,서오릉로,569,56,,,0,,,1.0,0.0,569-56,41281,3000007,113,4128111300106510000,126.8791015682971,37.62997528570878,,,,,,,,,,False,,1.0,56.16,56.16,1.0,0.7671,False,CHG_00042,-436.33,NEW_BUILDING,"change_ratio=1.00 >= 0.5 - 신축 추정 (건축물대장 미매칭, change_ratio 휴리스틱) - brightness_delta=-436.3(T2가 더 어두움)로 신축 기대 방향과 불일치, 재확인 권장",False,,,,,,,,0.7671,1.0,0.9068,HIGH,-0.16471761699431936,0.417,NOT_SIG
lt_c_spbd.4107803455,412810079624,4128111300106240000000001,경기도,고양시 덕양구,용두동,서오릉로,569,27,,,0,,,1.0,0.0,569-27,41281,3000007,113,4128111300106240000,126.8801838825652,37.63073341668722,,,,,,,,,,False,,1.0,34.66,0.0,0.0,,True,,,OTHER_CHANGE,"건물 본체 미교차, 버퍼 내 변화만 존재",,,,,,,,,0.0,0.3,0.23,LOW,-0.1813150684545499,0.943,NOT_SIG
lt_c_spbd.4107803453,412810104599,4128111300106520013000001,경기도,고양시 덕양구,용두동,서오릉로,569,22,,,0,,,1.0,0.0,569-22,41281,3000007,113,4128111300106520013,126.87931443109593,37.630987679483255,,,,,,,,,,False,,1.0,35.19,35.19,1.0,1.0,False,CHG_00039,157.14,NEW_BUILDING,"change_ratio=1.00 >= 0.5 - 신축 추정 (건축물대장 미매칭, change_ratio 휴리스틱)",True,,,,,,,,1.0,1.0,1.0,HIGH,-0.06434476109655568,0.511,NOT_SIG
lt_c_spbd.4107775955,412810006161,4128111300105680012001027,경기도,고양시 덕양구,용두동,서오릉로,569,0,sk가스,,0,,,2.0,0.0,569,41281,3000007,113,4128111300105680008,126.87814768401714,37.63153747569959,,위험물저장및처리시설,165.9,165.9,1.0,0.0, , ,20021116,True,pnu,0.6,151.15,139.4,0.9223,1.0,False,CHG_00039,157.14,EXPANSION_OR_RECONSTRUCTION,사용승인일=2002-11-16로 T1 이전부터 존재 - 증축/개축 확정(건축물대장 근거),,,,,,,,,1.0,1.0,0.8967,HIGH,-0.6509116769480592,0.021,COLD_95
lt_c_spbd.4107775918,412810006120,4128111300104340004026741,경기도,고양시 덕양구,용두동,서오릉로,524,0,,,0,,,1.0,0.0,524,41281,3000007,113,4128111300104340005,126.88379038065352,37.63064592171271,,,,,,,,,,False,,1.0,166.05,166.05,1.0,0.9927,False,CHG_00041,-1171.08,NEW_BUILDING,"change_ratio=1.00 >= 0.5 - 신축 추정 (건축물대장 미매칭, change_ratio 휴리스틱) - brightness_delta=-1171.1(T2가 더 어두움)로 신축 기대 방향과 불일치, 재확인 권장",False,,,,,,,,0.9927,1.0,0.9971,HIGH,0.990010660994409,0.003,HOT_99
lt_c_spbd.4107800825,412810078246,4128111300104710002000002,경기도,고양시 덕양구,용두동,서오릉로,504,28,,,0,,,1.0,0.0,504-28,41281,3000007,113,4128111300104710002,126.88606453851655,37.631572570285186,,,,,,,,,,False,,1.0,1278.45,997.29,0.7801,0.907,False,CHG_00035,120.09,NEW_BUILDING,"change_ratio=0.78 >= 0.5 - 신축 추정 (건축물대장 미매칭, change_ratio 휴리스틱)",True,,,,,,,,0.907,1.0,0.8968,HIGH,0.14024896318835445,0.901,NOT_SIG
lt_c_spbd.4107802270,412810078247,4128111300104710002000003,경기도,고양시 덕양구,용두동,서오릉로,504,28,,,0,,,1.0,0.0,504-28,41281,3000007,113,4128111300104710002,126.88613465638724,37.631843484896876,,,,,,,,,,False,,1.0,738.84,544.24,0.7366,0.907,False,CHG_00035,120.09,NEW_BUILDING,"change_ratio=0.74 >= 0.5 - 신축 추정 (건축물대장 미매칭, change_ratio 휴리스틱)",True,,,,,,,,0.907,1.0,0.8838,HIGH,0.010111962493193486,0.795,NOT_SIG
lt_c_spbd.4107801161,412810078245,4128111300104710002000001,경기도,고양시 덕양구,용두동,서오릉로,504,28,,,0,,,1.0,0.0,504-28,41281,3000007,113,4128111300104710002,126.88578264683558,37.631641588704625,,,,,,,,,,False,,1.0,424.5,423.79,0.9983,0.907,False,CHG_00035,120.09,NEW_BUILDING,"change_ratio=1.00 >= 0.5 - 신축 추정 (건축물대장 미매칭, change_ratio 휴리스틱)",True,,,,,,,,0.907,1.0,0.9623,HIGH,0.3784548447600442,0.405,NOT_SIG
lt_c_spbd.4107802388,412810106046,4128111300104490001000003,경기도,고양시 덕양구,용두동,서오릉로,504,42,,,0,,,1.0,0.0,504-42,41281,3000007,113,4128111300104490001,126.88566374124588,37.631816081734364,,,,,,,,,,False,,1.0,213.95,110.7,0.5174,0.907,False,CHG_00035,120.09,NEW_BUILDING,"change_ratio=0.52 >= 0.5 - 신축 추정 (건축물대장 미매칭, change_ratio 휴리스틱)",True,,,,,,,,0.907,1.0,0.818,HIGH,0.3784548447600442,0.281,NOT_SIG
lt_c_spbd.4107775802,412810006086,4128111300104320107003377,경기도,고양시 덕양구,용두동,서오릉로,380,0,,,0,,,1.0,0.0,380,41281,3000007,113,4128111300104320107,126.89758772356751,37.625080243994304,,제1종근린생활시설,249.6,249.6,1.0,0.0,19941230, ,19950502,True,road_address,0.6,298.08,298.08,1.0,0.6432,False,CHG_00058,43.59,EXPANSION_OR_RECONSTRUCTION,사용승인일=1995-05-02로 T1 이전부터 존재 - 증축/개축 확정(건축물대장 근거),,,,,,,,,0.6432,1.0,0.7773,HIGH,-0.6937961534863641,0.027,COLD_95
lt_c_spbd.4107775804,412810006108,4128111300104320286033104,경기도,고양시 덕양구,용두동,서오릉로,382,0,,,0,,,1.0,0.0,382,41281,3000007,113,4128111300104320286,126.89753198239319,37.62520520161031,,제2종근린생활시설,164.0,162.5,1.0,0.0,19960123,19960305,19960612,True,pnu,0.6,88.06,88.06,1.0,0.6432,False,CHG_00058,43.59,EXPANSION_OR_RECONSTRUCTION,사용승인일=1996-06-12로 T1 이전부터 존재 - 증축/개축 확정(건축물대장 근거),,,,,,,,,0.6432,1.0,0.7773,HIGH,-0.6937961534863641,0.027,COLD_95
lt_c_spbd.4107775803,412810006107,4128111300104320286003376,경기도,고양시 덕양구,용두동,서오릉로,382,0,,,0,,,1.0,0.0,382,41281,3000007,113,4128111300104320286,126.89745488388775,37.62530180713267,,제2종근린생활시설,164.0,162.5,1.0,0.0,19960123,19960305,19960612,True,pnu,0.6,123.81,81.23,0.6561,0.6432,False,CHG_00058,43.59,EXPANSION_OR_RECONSTRUCTION,사용승인일=1996-06-12로 T1 이전부터 존재 - 증축/개축 확정(건축물대장 근거),,,,,,,,,0.6432,1.0,0.6741,MEDIUM,-0.6937961534863641,0.043,COLD_95
lt_c_spbd.4107794393,412810028391,4128111300104320103003392,경기도,고양시 덕양구,용두동,서오릉로,334,91,,,0,,,1.0,0.0,334-91,41281,3000007,113,4128111300104320103,126.8978882090681,37.62533471576831,,제2종근린생활시설,168.8,165.28,1.0,0.0,19970621,19971001,19980318,True,pnu,0.6,154.53,22.43,0.1451,0.6432,False,CHG_00058,43.59,EXPANSION_OR_RECONSTRUCTION,사용승인일=1998-03-18로 T1 이전부터 존재 - 증축/개축 확정(건축물대장 근거),,,,,,,,,0.6432,1.0,0.5208,MEDIUM,-0.6937961534863641,0.071,COLD_90
lt_c_spbd.4107775805,412810091619,4128111300104320301000001,경기도,고양시 덕양구,용두동,서오릉로,382,1,,,0,,,1.0,0.0,382-1,41281,3000007,113,4128111300104320301,126.89734443830739,37.625349070675114,,제2종근린생활시설,31.2,31.2,1.0,0.0,20151113,20151222,20160407,True,pnu,0.6,36.22,0.05,0.0015,0.6432,False,CHG_00058,43.59,EXPANSION_OR_RECONSTRUCTION,사용승인일=2016-04-07로 T1 이전부터 존재 - 증축/개축 확정(건축물대장 근거),,,,,,,,,0.6432,1.0,0.4777,MEDIUM,-0.6937961534863641,0.077,COLD_90
lt_c_spbd.4107794394,412810099732,4128111300104320103033109,경기도,고양시 덕양구,용두동,서오릉로,334,91,,,0,,,1.0,1.0,334-91,41281,3000007,113,4128111300104320103,126.89763810955154,37.62540732133438,,제2종근린생활시설,168.8,165.28,1.0,0.0,19970621,19971001,19980318,True,pnu,0.6,224.59,0.0,0.0,,True,,,OTHER_CHANGE,"건물 본체 미교차, 버퍼 내 변화만 존재",,,,,,,,,0.0,0.3,0.15,LOW,-0.6937961534863641,0.173,NOT_SIG
lt_c_spbd.4107775820,412810113444,4128111300104320499000001,경기도,고양시 덕양구,용두동,서오릉로,414,0,,,0,,,2.0,0.0,414,41281,3000007,113,4128111300104320499,126.89504940907642,37.62758423101623,,제2종근린생활시설,687.48,1277.5,2.0,0.0,20210325,20210517,20211228,True,pnu,0.6,709.27,463.25,0.6531,0.8063,False,CHG_00048,3.02,EXPANSION_OR_RECONSTRUCTION,사용승인일=2021-12-28로 T1 이전부터 존재 - 증축/개축 확정(건축물대장 근거),,,,,,,,,0.8063,1.0,0.7385,HIGH,-0.011446179766602765,0.893,NOT_SIG
lt_c_spbd.4107788018,412810021602,4128111300100010013034003,경기도,고양시 덕양구,용두동,서오릉로,324,14,,,0,,,1.0,0.0,324-14,41281,3000007,113,4128111300100010013,126.90270213707055,37.622018395000694,,,,,,,,,,False,,1.0,13.43,13.43,0.9997,1.0,False,CHG_00071,578.72,NEW_BUILDING,"change_ratio=1.00 >= 0.5 - 신축 추정 (건축물대장 미매칭, change_ratio 휴리스틱)",True,,,,,,,,1.0,1.0,0.9999,HIGH,1.0326633295514263,0.003,HOT_99
lt_c_spbd.4107775791,412810006163,4128111300200300037000001,경기도,고양시 덕양구,용두동,서오릉로,332,0,,비닐하우스,0,,,1.0,0.0,332,41281,3000007,113,4128111300200300037,126.90146400044466,37.622071520626235,,,,,,,,,,False,,1.0,331.59,55.19,0.1664,1.0,False,CHG_00071,578.72,EXPANSION_OR_RECONSTRUCTION,"change_ratio=0.17 - 부분 변화, 증축/개축 추정 (건축물대장 미매칭, change_ratio 휴리스틱)",True,,,,,,,,1.0,1.0,0.7499,HIGH,0.9114741169339887,0.003,HOT_99
lt_c_spbd.4107802280,412810106045,4128111300104490001000002,경기도,고양시 덕양구,용두동,서오릉로,504,42,,,0,,,1.0,0.0,504-42,41281,3000007,113,4128111300104490001,126.88569753787812,37.631967608046196,,,,,,,,,,False,,1.0,138.71,138.71,1.0,0.907,False,CHG_00035,120.09,NEW_BUILDING,"change_ratio=1.00 >= 0.5 - 신축 추정 (건축물대장 미매칭, change_ratio 휴리스틱)",True,,,,,,,,0.907,1.0,0.9628,HIGH,0.24831784406488405,0.717,NOT_SIG
lt_c_spbd.4107803507,412810079623,4128111300105880001000001,경기도,고양시 덕양구,용두동,화랑로,421,20,,,0,,,1.0,0.0,421-20,41281,3192097,113,4128111300105880001,126.87985633425127,37.632769781997695,,,,,,,,,,False,,1.0,71.83,57.85,0.8054,0.8423,False,CHG_00032,-52.96,NEW_BUILDING,"change_ratio=0.81 >= 0.5 - 신축 추정 (건축물대장 미매칭, change_ratio 휴리스틱) - brightness_delta=-53.0(T2가 더 어두움)로 신축 기대 방향과 불일치, 재확인 권장",False,,,,,,,,0.8423,1.0,0.8785,HIGH,-0.1820104923984143,0.423,NOT_SIG
lt_c_spbd.4107803505,412810079615,4128111300105850000000001,경기도,고양시 덕양구,용두동,화랑로,421,18,,,0,,,1.0,0.0,421-18,41281,3192097,113,4128111300105850000,126.87995404318411,37.63297246873249,,,,,,,,,,False,,1.0,143.33,103.86,0.7246,0.8423,False,CHG_00032,-52.96,NEW_BUILDING,"change_ratio=0.72 >= 0.5 - 신축 추정 (건축물대장 미매칭, change_ratio 휴리스틱) - brightness_delta=-53.0(T2가 더 어두움)로 신축 기대 방향과 불일치, 재확인 권장",False,,,,,,,,0.8423,1.0,0.8543,HIGH,-0.1820104923984143,0.431,NOT_SIG
lt_c_spbd.4107803400,412810079491,4128111300105680001000001,경기도,고양시 덕양구,용두동,고양대로,1834,230,,,0,,,1.0,0.0,1834-230,41281,2192001,113,4128111300105680001,126.87869194679814,37.633141709192344,,,,,,,,,,False,,1.0,91.63,0.0,0.0,,True,,,OTHER_CHANGE,"건물 본체 미교차, 버퍼 내 변화만 존재",,,,,,,,,0.0,0.3,0.23,LOW,-0.06012585583711179,0.655,NOT_SIG
lt_c_spbd.4107803501,412810092253,4128111300105960000000002,경기도,고양시 덕양구,용두동,화랑로,421,12,,,0,,,1.0,0.0,421-12,41281,3192097,113,4128111300105960000,126.8802090590533,37.63334458711064,,,,,,,,,,False,,1.0,164.1,164.1,1.0,0.8423,False,CHG_00032,-52.96,NEW_BUILDING,"change_ratio=1.00 >= 0.5 - 신축 추정 (건축물대장 미매칭, change_ratio 휴리스틱) - brightness_delta=-53.0(T2가 더 어두움)로 신축 기대 방향과 불일치, 재확인 권장",False,,,,,,,,0.8423,1.0,0.9369,HIGH,-0.1820104923984143,0.349,NOT_SIG
lt_c_spbd.4107803502,412810079608,4128111300105960000000001,경기도,고양시 덕양구,용두동,화랑로,421,14,,,0,,,1.0,0.0,421-14,41281,3192097,113,4128111300105950000,126.88037384666026,37.63331004350742,,,,,,,,,,False,,1.0,530.58,527.6,0.9944,0.8423,False,CHG_00032,-52.96,NEW_BUILDING,"change_ratio=0.99 >= 0.5 - 신축 추정 (건축물대장 미매칭, change_ratio 휴리스틱) - brightness_delta=-53.0(T2가 더 어두움)로 신축 기대 방향과 불일치, 재확인 권장",False,,,,,,,,0.8423,1.0,0.9352,HIGH,-0.01501602267844009,0.693,NOT_SIG
lt_c_spbd.4107803087,412810079444,4128111300106040002000001,경기도,고양시 덕양구,용두동,화랑로,447,5,,,0,,,1.0,0.0,447-5,41281,3192097,113,4128111300106040002,126.88115637770287,37.63389522167674,,,,,,,,,,False,,1.0,429.69,153.64,0.3576,0.5664,False,CHG_00028,-317.56,EXPANSION_OR_RECONSTRUCTION,"change_ratio=0.36 - 부분 변화, 증축/개축 추정 (건축물대장 미매칭, change_ratio 휴리스틱) - brightness_delta=-317.6(T2가 더 어두움)로 증축 기대 방향과 불일치, 재확인 권장",False,,,,,,,,0.5664,1.0,0.6338,MEDIUM,-0.01501602267844009,0.997,NOT_SIG
lt_c_spbd.4107803086,412810079582,4128111300106030002000001,경기도,고양시 덕양구,용두동,화랑로,447,3,,,0,,,1.0,0.0,447-3,41281,3192097,113,4128111300106030002,126.88135522799197,37.63421261113962,,,,,,,,,,False,,1.0,93.45,19.82,0.2121,0.5664,False,CHG_00028,-317.56,EXPANSION_OR_RECONSTRUCTION,"change_ratio=0.21 - 부분 변화, 증축/개축 추정 (건축물대장 미매칭, change_ratio 휴리스틱) - brightness_delta=-317.6(T2가 더 어두움)로 증축 기대 방향과 불일치, 재확인 권장",False,,,,,,,,0.5664,1.0,0.5902,MEDIUM,-0.18163959962835358,0.677,NOT_SIG
lt_c_spbd.4107803088,412810079437,4128111300106010001000001,경기도,고양시 덕양구,용두동,화랑로,447,9,,,0,,,1.0,0.0,447-9,41281,3192097,113,4128111300106010001,126.88102076856751,37.63433990334396,,,,,,,,,,False,,1.0,202.6,0.0,0.0,,True,,,OTHER_CHANGE,"건물 본체 미교차, 버퍼 내 변화만 존재",,,,,,,,,0.0,0.3,0.23,LOW,-0.06689464889072531,0.671,NOT_SIG
lt_c_spbd.4107798410,412810093975,4128111300104770003000001,경기도,고양시 덕양구,용두동,서오릉로,504,67,,,0,,,1.0,0.0,504-67,41281,3000007,113,4128111300104770003,126.88821491131127,37.63422979250429,,,,,,,,,,False,,1.0,124.29,124.29,1.0,1.0,False,CHG_00029,128.9,NEW_BUILDING,"change_ratio=1.00 >= 0.5 - 신축 추정 (건축물대장 미매칭, change_ratio 휴리스틱)",True,,,,,,,,1.0,1.0,1.0,HIGH,0.052254653491376986,0.789,NOT_SIG
lt_c_spbd.4107803503,412810079606,4128111300105950000000001,경기도,고양시 덕양구,용두동,화랑로,421,14,,,0,,,1.0,0.0,421-14,41281,3192097,113,4128111300105950000,126.88028776235915,37.63355171698751,,,,,,,,,,False,,1.0,582.12,85.47,0.1468,0.8423,False,CHG_00032,-52.96,EXPANSION_OR_RECONSTRUCTION,"change_ratio=0.15 - 부분 변화, 증축/개축 추정 (건축물대장 미매칭, change_ratio 휴리스틱) - brightness_delta=-53.0(T2가 더 어두움)로 증축 기대 방향과 불일치, 재확인 권장",False,,,,,,,,0.8423,1.0,0.681,MEDIUM,-0.01501602267844009,0.963,NOT_SIG
lt_c_spbd.4107803399,412810079492,4128111300105810000000001,경기도,고양시 덕양구,용두동,고양대로,1834,216,,,0,,,1.0,0.0,1834-216,41281,2192001,113,4128111300105810000,126.87894175455818,37.63383492837523,,,,,,,,,,False,,1.0,55.07,55.07,1.0,1.0,False,CHG_00030,337.37,NEW_BUILDING,"change_ratio=1.00 >= 0.5 - 신축 추정 (건축물대장 미매칭, change_ratio 휴리스틱)",True,,,,,,,,1.0,1.0,1.0,HIGH,-0.09179082608107089,0.447,NOT_SIG
lt_c_spbd.4107803389,412810079610,4128111300105050000000001,경기도,고양시 덕양구,용두동,고양대로,1834,168,,,0,,,1.0,0.0,1834-168,41281,2192001,113,4128111300105050000,126.8788623286746,37.63498587691963,,,,,,,,,,False,,1.0,105.71,45.25,0.4281,1.0,False,CHG_00025,-104.58,EXPANSION_OR_RECONSTRUCTION,"change_ratio=0.43 - 부분 변화, 증축/개축 추정 (건축물대장 미매칭, change_ratio 휴리스틱) - brightness_delta=-104.6(T2가 더 어두움)로 증축 기대 방향과 불일치, 재확인 권장",False,,,,,,,,1.0,1.0,0.8284,HIGH,-0.4457152519118,0.115,NOT_SIG
lt_c_spbd.4107803390,412810079616,4128111300105070002000001,경기도,고양시 덕양구,용두동,고양대로,1834,172,,,0,,,1.0,0.0,1834-172,41281,2192001,113,4128111300105070001,126.87790779233637,37.63562309057065,,,,,,,,,,False,,1.0,195.99,195.99,1.0,1.0,False,CHG_00025,-104.58,NEW_BUILDING,"change_ratio=1.00 >= 0.5 - 신축 추정 (건축물대장 미매칭, change_ratio 휴리스틱) - brightness_delta=-104.6(T2가 더 어두움)로 신축 기대 방향과 불일치, 재확인 권장",False,,,,,,,,1.0,1.0,1.0,HIGH,0.12059164637512002,0.939,NOT_SIG
lt_c_spbd.4107803407,412810079469,4128111300105030013000001,경기도,고양시 덕양구,용두동,고양대로,1836,169,,,0,,,1.0,0.0,1836-169,41281,2192001,113,4128111300105030013,126.87984175979574,37.63563872226299,,,,,,,,,,False,,1.0,117.37,117.37,1.0,1.0,False,CHG_00025,-104.58,NEW_BUILDING,"change_ratio=1.00 >= 0.5 - 신축 추정 (건축물대장 미매칭, change_ratio 휴리스틱) - brightness_delta=-104.6(T2가 더 어두움)로 신축 기대 방향과 불일치, 재확인 권장",False,,,,,,,,1.0,1.0,1.0,HIGH,-0.05910590071944368,0.519,NOT_SIG
lt_c_spbd.4107803391,412810079476,4128111300105100000000001,경기도,고양시 덕양구,용두동,고양대로,1834,176,,,0,,,1.0,0.0,1834-176,41281,2192001,113,4128111300105100000,126.8777513456331,37.63679715155742,,,,,,,,,,False,,1.0,117.12,117.12,1.0,1.0,False,CHG_00025,-104.58,NEW_BUILDING,"change_ratio=1.00 >= 0.5 - 신축 추정 (건축물대장 미매칭, change_ratio 휴리스틱) - brightness_delta=-104.6(T2가 더 어두움)로 신축 기대 방향과 불일치, 재확인 권장",False,,,,,,,,1.0,1.0,1.0,HIGH,-0.020672137421870223,0.607,NOT_SIG
lt_c_spbd.4107782695,412810086675,4128111300104740003000006,경기도,고양시 덕양구,용두동,서오릉로500번길,71,8,,,0,,,1.0,0.0,71-8,41281,4376139,113,4128111300104740003,126.88746014161242,37.63297045911109,,,,,,,,,,False,,1.0,300.45,10.03,0.0334,0.6291,False,CHG_00031,-425.67,EXPANSION_OR_RECONSTRUCTION,"change_ratio=0.03 - 부분 변화, 증축/개축 추정 (건축물대장 미매칭, change_ratio 휴리스틱) - brightness_delta=-425.7(T2가 더 어두움)로 증축 기대 방향과 불일치, 재확인 권장",False,,,,,,,,0.6291,1.0,0.5617,MEDIUM,0.47729776798130674,0.029,HOT_95
lt_c_spbd.4107802949,412810084193,4128111300104700001000001,경기도,고양시 덕양구,용두동,서오릉로,504,59,,,0,,,1.0,0.0,504-59,41281,3000007,113,4128111300104700001,126.8873742706006,37.633473903530614,,,,,,,,,,False,,1.0,214.36,11.73,0.0547,1.0,False,CHG_00029,128.9,EXPANSION_OR_RECONSTRUCTION,"change_ratio=0.05 - 부분 변화, 증축/개축 추정 (건축물대장 미매칭, change_ratio 휴리스틱)",True,,,,,,,,1.0,1.0,0.7164,HIGH,0.47729776798130674,0.091,HOT_90
lt_c_spbd.4107803035,412810106801,4128111300104700008000001,경기도,고양시 덕양구,용두동,서오릉로,504,63,,,0,,,1.0,0.0,504-63,41281,3000007,113,4128111300104700008,126.8876917349225,37.63372031709682,,,,,,,,,,False,,1.0,145.13,145.13,1.0,1.0,False,CHG_00029,128.9,NEW_BUILDING,"change_ratio=1.00 >= 0.5 - 신축 추정 (건축물대장 미매칭, change_ratio 휴리스틱)",True,,,,,,,,1.0,1.0,1.0,HIGH,0.47729776798130674,0.239,NOT_SIG
lt_c_spbd.4107775834,412810006071,4128111300104320040016940,경기도,고양시 덕양구,용두동,서오릉로,433,0,,,0,,,3.0,0.0,433,41281,3000007,113,4128111300104320040,126.89261613029005,37.627535420410794,,제1종근린생활시설,216.8,1316.4,3.0,1.0,20010302,20020130,20020916,True,road_address,0.6,263.69,263.69,1.0,0.9068,False,CHG_00052,346.45,EXPANSION_OR_RECONSTRUCTION,사용승인일=2002-09-16로 T1 이전부터 존재 - 증축/개축 확정(건축물대장 근거),,,,,,,,,0.9068,1.0,0.8827,HIGH,-0.2252195001105229,0.309,NOT_SIG
lt_c_spbd.4107787968,412810021545,4128111200200420001024040,경기도,고양시 덕양구,동산동,화랑로546번길,16,15,,,0,,,1.0,0.0,16-15,41281,4376362,112,4128111200200420001,126.8892040173037,37.64229820657455,,,,,,,,,,False,,1.0,30.38,30.38,1.0,0.8675,False,CHG_00008,439.22,NEW_BUILDING,"change_ratio=1.00 >= 0.5 - 신축 추정 (건축물대장 미매칭, change_ratio 휴리스틱)",True,,,,,,,,0.8675,1.0,0.947,HIGH,0.620694185206148,0.049,HOT_95
lt_c_spbd.4107787971,412810021544,4128111200200420001009751,경기도,고양시 덕양구,동산동,화랑로546번길,16,17,,,0,,,1.0,0.0,16-17,41281,4376362,112,4128111200200420001,126.88929425153923,37.64229660410378,,,,,,,,,,False,,1.0,37.11,37.11,0.9999,0.8675,False,CHG_00008,439.22,NEW_BUILDING,"change_ratio=1.00 >= 0.5 - 신축 추정 (건축물대장 미매칭, change_ratio 휴리스틱)",True,,,,,,,,0.8675,1.0,0.947,HIGH,0.620694185206148,0.049,HOT_95
lt_c_spbd.4107787969,412810021543,4128111200200420001008432,경기도,고양시 덕양구,동산동,화랑로546번길,16,15,,,0,,,1.0,0.0,16-15,41281,4376362,112,4128111200200420001,126.88913912338344,37.6423238092987,,,,,,,,,,False,,1.0,25.88,25.88,0.9999,0.8675,False,CHG_00008,439.22,NEW_BUILDING,"change_ratio=1.00 >= 0.5 - 신축 추정 (건축물대장 미매칭, change_ratio 휴리스틱)",True,,,,,,,,0.8675,1.0,0.947,HIGH,0.620694185206148,0.049,HOT_95
lt_c_spbd.4107782779,412810016520,4128111200101590020024061,경기도,고양시 덕양구,동산동,화랑로546번길,22,0,,,0,,,1.0,0.0,22,41281,4376362,112,4128111200101590020,126.88914480354237,37.642490640000844,,단독주택,45.85,45.85,1.0,0.0, , ,19851119,True,pnu,0.6,13.13,12.97,0.9879,0.8675,False,CHG_00008,439.22,EXPANSION_OR_RECONSTRUCTION,사용승인일=1985-11-19로 T1 이전부터 존재 - 증축/개축 확정(건축물대장 근거),,,,,,,,,0.8675,1.0,0.8634,HIGH,0.36700353048441037,0.329,NOT_SIG
lt_c_spbd.4107787966,412810127075,4128111200101990001000001,경기도,고양시 덕양구,동산동,화랑로546번길,16,12,,,0,,,2.0,0.0,16-12,41281,4376362,112,4128111200101990001,126.88894250460436,37.64209056818204,,제2종근린생활시설,190.6,231.2,2.0,0.0,20221007,20230522,20240513,True,pnu,0.1,187.63,187.63,1.0,0.8675,False,CHG_00008,439.22,NEW_BUILDING,사용승인일=2024-05-13이 T1~T2 사이 - 신축 확정(건축물대장 근거),,,,,,,,,0.8675,1.0,0.767,HIGH,0.6168925343130227,0.015,HOT_95
lt_c_spbd.4107787965,412810137270,4128111200101590025018539,경기도,고양시 덕양구,동산동,화랑로546번길,16,11,,,0,,,1.0,0.0,16-11,41281,4376362,112,4128111200101590025,126.88900171279701,37.642282768343975,,,,,,,,,,False,,1.0,119.65,119.65,1.0,0.8675,False,CHG_00008,439.22,NEW_BUILDING,"change_ratio=1.00 >= 0.5 - 신축 추정 (건축물대장 미매칭, change_ratio 휴리스틱)",True,,,,,,,,0.8675,1.0,0.947,HIGH,0.5760016064137954,0.095,HOT_90
lt_c_spbd.4107787963,412810021539,4128111200101590024028859,경기도,고양시 덕양구,동산동,화랑로546번길,16,7,,,0,,,1.0,0.0,16-7,41281,4376362,112,4128111200101590024,126.88904246944128,37.642361586768885,,단독주택,21.0,21.0,1.0,0.0, , ,19851119,True,pnu,0.6,12.36,12.36,0.9997,0.8675,False,CHG_00008,439.22,EXPANSION_OR_RECONSTRUCTION,사용승인일=1985-11-19로 T1 이전부터 존재 - 증축/개축 확정(건축물대장 근거),,,,,,,,,0.8675,1.0,0.8669,HIGH,0.6206941852061485,0.023,HOT_95
lt_c_spbd.4107787964,412810021538,4128111200101590024008576,경기도,고양시 덕양구,동산동,화랑로546번길,16,7,,,0,,,1.0,0.0,16-7,41281,4376362,112,4128111200101590024,126.88896413965355,37.642395946409366,,단독주택,21.0,21.0,1.0,0.0, , ,19851119,True,pnu,0.6,81.86,81.86,1.0,0.8675,False,CHG_00008,439.22,EXPANSION_OR_RECONSTRUCTION,사용승인일=1985-11-19로 T1 이전부터 존재 - 증축/개축 확정(건축물대장 근거),,,,,,,,,0.8675,1.0,0.867,HIGH,0.5836049082000456,0.053,HOT_90
lt_c_spbd.4107782767,412810016524,4128111200101590028008600,경기도,고양시 덕양구,동산동,화랑로546번길,16,0,,,0,,,1.0,0.0,16,41281,4376362,112,4128111200101590028,126.88863913485086,37.64241871900788,,제2종근린생활시설,67.91,179.49,2.0,1.0,19961029, ,19970331,True,pnu,0.6,76.87,76.87,1.0,0.8675,False,CHG_00008,439.22,EXPANSION_OR_RECONSTRUCTION,사용승인일=1997-03-31로 T1 이전부터 존재 - 증축/개축 확정(건축물대장 근거),,,,,,,,,0.8675,1.0,0.867,HIGH,0.38142198692053236,0.305,NOT_SIG
lt_c_spbd.4107787967,412810021537,4128111200101590023008566,경기도,고양시 덕양구,동산동,화랑로546번길,16,13,,,0,,,1.0,0.0,16-13,41281,4376362,112,4128111200101590023,126.88908587157239,37.64242330810994,,단독주택,32.52,32.52,1.0,0.0, , ,19841207,True,pnu,0.6,58.3,58.3,1.0,0.8675,False,CHG_00008,439.22,EXPANSION_OR_RECONSTRUCTION,사용승인일=1984-12-07로 T1 이전부터 존재 - 증축/개축 확정(건축물대장 근거),,,,,,,,,0.8675,1.0,0.867,HIGH,0.5331634914717475,0.099,HOT_90
lt_c_spbd.4107782771,412810016523,4128111200101590022008565,경기도,고양시 덕양구,동산동,화랑로546번길,20,0,,,0,,,1.0,0.0,20,41281,4376362,112,4128111200101590022,126.88897740798697,37.6424608569989,,,,,,,,,,False,,1.0,46.39,46.39,1.0,0.8675,False,CHG_00008,439.22,NEW_BUILDING,"change_ratio=1.00 >= 0.5 - 신축 추정 (건축물대장 미매칭, change_ratio 휴리스틱)",True,,,,,,,,0.8675,1.0,0.947,HIGH,0.3299142534783087,0.495,NOT_SIG
lt_c_spbd.4107782859,412810114288,4128111200100630023000928,경기도,고양시 덕양구,동산동,고양대로1940번길,47,0,,2동,0,,,2.0,0.0,47,41281,4376026,112,4128111200100630023,126.89436990790804,37.643458273407745,,단독주택,70.66,113.83,2.0,0.0,20210624,20210725,20220804,True,pnu,0.1,58.3,0.0,0.0,,True,,,OTHER_CHANGE,"건물 본체 미교차, 버퍼 내 변화만 존재",,,,,,,,,0.0,0.3,0.05,LOW,-1.0635298836409446,0.023,COLD_95
lt_c_spbd.4107803522,412810079604,4128111200100630037000001,경기도,고양시 덕양구,동산동,고양대로1940번길,57,15,,,0,,,1.0,0.0,57-15,41281,4376026,112,4128111200100630037,126.89480798241624,37.64346847371877,,,,,,,,,,False,,1.0,110.77,0.0,0.0,,True,,,OTHER_CHANGE,"건물 본체 미교차, 버퍼 내 변화만 존재",,,,,,,,,0.0,0.3,0.23,LOW,-1.0635298836409446,0.015,COLD_95
lt_c_spbd.4107797143,412810088366,4128111300104970000000001,경기도,고양시 덕양구,용두동,고양대로,1856,170,,,0,,,1.0,0.0,1856-170,41281,2192001,113,4128111300104970000,126.88225389041094,37.635621169491635,,,,,,,,,,False,,1.0,103.56,53.27,0.5143,0.7808,False,CHG_00024,-290.83,NEW_BUILDING,"change_ratio=0.51 >= 0.5 - 신축 추정 (건축물대장 미매칭, change_ratio 휴리스틱) - brightness_delta=-290.8(T2가 더 어두움)로 신축 기대 방향과 불일치, 재확인 권장",False,,,,,,,,0.7808,1.0,0.7666,HIGH,-0.6542033502823511,0.047,COLD_95
lt_c_spbd.4107803091,412810089478,4128111300104960000000001,경기도,고양시 덕양구,용두동,화랑로,447,14,,,0,,,1.0,0.0,447-14,41281,3192097,113,4128111300104960000,126.88226130070149,37.635695283093085,,,,,,,,,,False,,1.0,82.44,38.52,0.4673,0.7808,False,CHG_00024,-290.83,EXPANSION_OR_RECONSTRUCTION,"change_ratio=0.47 - 부분 변화, 증축/개축 추정 (건축물대장 미매칭, change_ratio 휴리스틱) - brightness_delta=-290.8(T2가 더 어두움)로 증축 기대 방향과 불일치, 재확인 권장",False,,,,,,,,0.7808,1.0,0.7525,HIGH,-0.6542033502823511,0.051,COLD_90
lt_c_spbd.4107797137,412810078058,4128111200102400000000001,경기도,고양시 덕양구,동산동,고양대로,1856,78,,,0,,,1.0,0.0,1856-78,41281,2192001,112,4128111200102400000,126.88450679296803,37.63893541856623,,,,,,,,,,False,,1.0,179.02,179.02,1.0,1.0,False,CHG_00018,-644.32,NEW_BUILDING,"change_ratio=1.00 >= 0.5 - 신축 추정 (건축물대장 미매칭, change_ratio 휴리스틱) - brightness_delta=-644.3(T2가 더 어두움)로 신축 기대 방향과 불일치, 재확인 권장",False,,,,,,,,1.0,1.0,1.0,HIGH,-0.2889203333685035,0.191,NOT_SIG
lt_c_spbd.4107797136,412810078059,4128111200102400000000002,경기도,고양시 덕양구,동산동,고양대로,1856,78,,,0,,,1.0,0.0,1856-78,41281,2192001,112,4128111200102400000,126.88477517953767,37.63911618553033,,,,,,,,,,False,,1.0,34.79,0.0,0.0,,True,,,OTHER_CHANGE,"건물 본체 미교차, 버퍼 내 변화만 존재",,,,,,,,,0.0,0.3,0.23,LOW,-0.2889203333685035,0.797,NOT_SIG
lt_c_spbd.4107803077,412810079296,4128111200102380002000001,경기도,고양시 덕양구,동산동,화랑로,499,47,,,0,,,1.0,0.0,499-47,41281,3192097,112,4128111200102380002,126.88377243861454,37.63957436896585,,,,,,,,,,False,,1.0,79.47,78.14,0.9833,1.0,False,CHG_00018,-644.32,NEW_BUILDING,"change_ratio=0.98 >= 0.5 - 신축 추정 (건축물대장 미매칭, change_ratio 휴리스틱) - brightness_delta=-644.3(T2가 더 어두움)로 신축 기대 방향과 불일치, 재확인 권장",False,,,,,,,,1.0,1.0,0.995,HIGH,-0.2889203333685035,0.193,NOT_SIG
lt_c_spbd.4107803094,412810097118,4128111300105350001000001,경기도,고양시 덕양구,용두동,화랑로,447,67,,,0,,,1.0,0.0,447-67,41281,3192097,113,4128111300105350001,126.8801903154657,37.6375748169735,,,,,,,,,,False,,1.0,110.37,0.0,0.0,,True,,,OTHER_CHANGE,"건물 본체 미교차, 버퍼 내 변화만 존재",,,,,,,,,0.0,0.3,0.23,LOW,0.016046246814170304,0.475,NOT_SIG
lt_c_spbd.4107803385,412810079486,4128111300105390004000001,경기도,고양시 덕양구,용두동,고양대로,1834,102,,,0,,,1.0,0.0,1834-102,41281,2192001,113,4128111300105390004,126.88024975744898,37.63803926406816,,,,,,,,,,False,,1.0,57.24,0.97,0.0169,0.9751,False,CHG_00019,353.12,EXPANSION_OR_RECONSTRUCTION,"change_ratio=0.02 - 부분 변화, 증축/개축 추정 (건축물대장 미매칭, change_ratio 휴리스틱)",True,,,,,,,,0.9751,1.0,0.6951,MEDIUM,0.016046246814170304,0.969,NOT_SIG
lt_c_spbd.4107805801,412810089341,4128111300103320000033453,경기도,고양시 덕양구,동산동,고양대로,1804,22,,,0,,,1.0,0.0,1804-22,41281,2192001,112,4128111200103320000,126.87920928662413,37.641418175121885,,운동시설,982.84,1089.98,2.0,0.0,20130322,20131021,20150409,True,road_address,0.6,574.39,174.18,0.3032,0.9751,False,CHG_00019,353.12,EXPANSION_OR_RECONSTRUCTION,사용승인일=2015-04-09로 T1 이전부터 존재 - 증축/개축 확정(건축물대장 근거),,,,,,,,,0.9751,1.0,0.701,HIGH,0.19759825775903925,0.545,NOT_SIG
lt_c_spbd.4107805800,412810135060,4128111100103390000000002,경기도,고양시 덕양구,삼송동,고양대로,1804,18,,,0,,,1.0,0.0,1804-18,41281,2192001,111,4128111100103390000,126.87959420273393,37.64203392586564,,제1종근린생활시설,35.26,35.26,1.0,0.0,20241125,20250108,20250730,True,pnu,0.1,38.83,38.83,1.0,0.9751,False,CHG_00019,353.12,NEW_BUILDING,사용승인일=2025-07-30이 T1~T2 사이 - 신축 확정(건축물대장 근거),,,,,,,,,0.9751,1.0,0.81,HIGH,0.19759825775903925,0.661,NOT_SIG
lt_c_spbd.4107805799,412810135061,4128111100103390000000003,경기도,고양시 덕양구,삼송동,고양대로,1804,18,,,0,,,1.0,0.0,1804-18,41281,2192001,111,4128111100103390000,126.8795945406581,37.64209217119992,,제1종근린생활시설,35.26,35.26,1.0,0.0,20241125,20250108,20250730,True,pnu,0.1,10.32,10.32,1.0,0.9751,False,CHG_00019,353.12,NEW_BUILDING,사용승인일=2025-07-30이 T1~T2 사이 - 신축 확정(건축물대장 근거),,,,,,,,,0.9751,1.0,0.81,HIGH,0.19759825775903925,0.661,NOT_SIG
lt_c_spbd.4107775959,412810079300,4128111200102450040000001,경기도,고양시 덕양구,동산동,화랑로,499,0,,,0,,,1.0,0.0,499,41281,3192097,112,4128111200102450040,126.88609234959257,37.63904435801475,,,,,,,,,,False,,1.0,313.75,99.76,0.3179,0.6064,False,CHG_00016,396.11,EXPANSION_OR_RECONSTRUCTION,"change_ratio=0.32 - 부분 변화, 증축/개축 추정 (건축물대장 미매칭, change_ratio 휴리스틱)",True,,,,,,,,0.6064,1.0,0.6379,MEDIUM,-0.571540624155001,0.103,NOT_SIG
lt_c_spbd.4107797132,412810080771,4128111200102410003000001,경기도,고양시 덕양구,동산동,고양대로,1856,60,,,0,,,1.0,0.0,1856-60,41281,2192001,112,4128111200102410003,126.88557413455295,37.63968193923043,,,,,,,,,,False,,1.0,117.36,0.0,0.0,,True,,,OTHER_CHANGE,"건물 본체 미교차, 버퍼 내 변화만 존재",,,,,,,,,0.0,0.3,0.23,LOW,-0.1794142430079868,0.949,NOT_SIG
lt_c_spbd.4107797133,412810079295,4128111200102350000000001,경기도,고양시 덕양구,동산동,고양대로,1856,62,,,0,,,1.0,0.0,1856-62,41281,2192001,112,4128111200102350000,126.88537245964022,37.63971435102135,,,,,,,,,,False,,1.0,133.95,60.77,0.4537,0.733,False,CHG_00014,-525.73,EXPANSION_OR_RECONSTRUCTION,"change_ratio=0.45 - 부분 변화, 증축/개축 추정 (건축물대장 미매칭, change_ratio 휴리스틱) - brightness_delta=-525.7(T2가 더 어두움)로 증축 기대 방향과 불일치, 재확인 권장",False,,,,,,,,0.733,1.0,0.7293,HIGH,-0.2889203333685035,0.337,NOT_SIG
lt_c_spbd.4107803078,412810078057,4128111200102370000000001,경기도,고양시 덕양구,동산동,화랑로,499,50,,,0,,,1.0,0.0,499-50,41281,3192097,112,4128111200102370000,126.88468185736048,37.640219289670135,,,,,,,,,,False,,1.0,81.85,81.85,1.0,0.733,False,CHG_00014,-525.73,NEW_BUILDING,"change_ratio=1.00 >= 0.5 - 신축 추정 (건축물대장 미매칭, change_ratio 휴리스틱) - brightness_delta=-525.7(T2가 더 어두움)로 신축 기대 방향과 불일치, 재확인 권장",False,,,,,,,,0.733,1.0,0.8932,HIGH,-0.2889203333685035,0.251,NOT_SIG
lt_c_spbd.4107797134,412810079297,4128111200102410001000001,경기도,고양시 덕양구,동산동,고양대로,1856,64,,,0,,,1.0,0.0,1856-64,41281,2192001,112,4128111200102410001,126.88562001403488,37.64023577852106,,,,,,,,,,False,,1.0,69.05,14.15,0.205,0.8855,False,CHG_00012,-237.09,EXPANSION_OR_RECONSTRUCTION,"change_ratio=0.20 - 부분 변화, 증축/개축 추정 (건축물대장 미매칭, change_ratio 휴리스틱) - brightness_delta=-237.1(T2가 더 어두움)로 증축 기대 방향과 불일치, 재확인 권장",False,,,,,,,,0.8855,1.0,0.7157,HIGH,-0.1794142430079868,0.565,NOT_SIG
lt_c_spbd.4107803404,412810081877,4128111200102250021000001,경기도,고양시 덕양구,동산동,고양대로,1836,25,,,0,,,1.0,0.0,1836-25,41281,2192001,112,4128111200102250021,126.88296638485505,37.64074110591357,,,,,,,,,,False,,1.0,71.91,6.71,0.0933,0.9751,False,CHG_00019,353.12,EXPANSION_OR_RECONSTRUCTION,"change_ratio=0.09 - 부분 변화, 증축/개축 추정 (건축물대장 미매칭, change_ratio 휴리스틱)",True,,,,,,,,0.9751,1.0,0.718,HIGH,0.21053314311491758,0.525,NOT_SIG
lt_c_spbd.4107803514,412810086057,4128111200102820023000001,경기도,고양시 덕양구,동산동,고양대로,1814,15,,,0,,,1.0,0.0,1814-15,41281,2192001,112,4128111200102820023,126.88128891343558,37.64141100504081,,,,,,,,,,False,,1.0,90.29,90.29,1.0,0.9751,False,CHG_00019,353.12,NEW_BUILDING,"change_ratio=1.00 >= 0.5 - 신축 추정 (건축물대장 미매칭, change_ratio 휴리스틱)",True,,,,,,,,0.9751,1.0,0.99,HIGH,0.43404239867293987,0.317,NOT_SIG
lt_c_spbd.4107771706,412810079304,4128111200102890003000001,경기도,고양시 덕양구,동산동,고양대로,1826,1,,,0,,,1.0,0.0,1826-1,41281,2192001,112,4128111200102890001,126.88191969945643,37.64142492706967,,,,,,,,,,False,,1.0,138.0,138.0,1.0,0.9751,False,CHG_00019,353.12,NEW_BUILDING,"change_ratio=1.00 >= 0.5 - 신축 추정 (건축물대장 미매칭, change_ratio 휴리스틱)",True,,,,,,,,0.9751,1.0,0.99,HIGH,0.43404239867293987,0.317,NOT_SIG
lt_c_spbd.4107803513,412810088000,4128111200102820022000001,경기도,고양시 덕양구,동산동,고양대로,1814,13,,,0,,,1.0,0.0,1814-13,41281,2192001,112,4128111200102820022,126.88080885658749,37.64160331315037,,,,,,,,,,False,,1.0,125.37,125.37,1.0,0.9751,False,CHG_00019,353.12,NEW_BUILDING,"change_ratio=1.00 >= 0.5 - 신축 추정 (건축물대장 미매칭, change_ratio 휴리스틱)",True,,,,,,,,0.9751,1.0,0.99,HIGH,0.19759825775903925,0.877,NOT_SIG
lt_c_spbd.4107771705,412810077755,4128111200102820034000001,경기도,고양시 덕양구,동산동,고양대로,1824,0,,,0,,,1.0,0.0,1824,41281,2192001,112,4128111200102820019,126.88221027259351,37.64196718079908,,,,,,,,,,False,,1.0,240.11,11.58,0.0482,0.9751,False,CHG_00019,353.12,EXPANSION_OR_RECONSTRUCTION,"change_ratio=0.05 - 부분 변화, 증축/개축 추정 (건축물대장 미매칭, change_ratio 휴리스틱)",True,,,,,,,,0.9751,1.0,0.7045,HIGH,0.2427080909177105,0.431,NOT_SIG
lt_c_spbd.4107797127,412810031263,4128111200102310000009495,경기도,고양시 덕양구,동산동,고양대로,1856,7,,,0,,,1.0,0.0,1856-7,41281,2192001,112,4128111200102310000,126.88598216345633,37.64183486441367,,,,,,,,,,False,,1.0,21.94,21.94,1.0,0.8855,False,CHG_00012,-237.09,NEW_BUILDING,"change_ratio=1.00 >= 0.5 - 신축 추정 (건축물대장 미매칭, change_ratio 휴리스틱) - brightness_delta=-237.1(T2가 더 어두움)로 신축 기대 방향과 불일치, 재확인 권장",False,,,,,,,,0.8855,1.0,0.9542,HIGH,-0.016314147373654043,0.677,NOT_SIG
lt_c_spbd.4107775970,412810136875,4128111200102000003000001,경기도,고양시 덕양구,동산동,화랑로,540,0,,,0,,,1.0,0.0,540,41281,3192097,112,4128111200102000003,126.88789865667448,37.64203623390438,,제2종근린생활시설,291.2,291.2,1.0,0.0,20241217,20250825,20260119,True,pnu,0.1,298.96,275.66,0.922,0.8675,False,CHG_00008,439.22,NEW_BUILDING,사용승인일=2026-01-19이 T1~T2 사이 - 신축 확정(건축물대장 근거),,,,,,,,,0.8675,1.0,0.7436,HIGH,0.04562494522653702,0.945,NOT_SIG
lt_c_spbd.4107797126,412810089913,4128111200102610003000001,경기도,고양시 덕양구,동산동,고양대로,1856,2,,,0,,,1.0,0.0,1856-2,41281,2192001,112,4128111200102610003,126.88583649008137,37.64198234619148,,,,,,,,,,False,,1.0,24.25,7.7,0.3177,0.8855,False,CHG_00012,-237.09,EXPANSION_OR_RECONSTRUCTION,"change_ratio=0.32 - 부분 변화, 증축/개축 추정 (건축물대장 미매칭, change_ratio 휴리스틱) - brightness_delta=-237.1(T2가 더 어두움)로 증축 기대 방향과 불일치, 재확인 권장",False,,,,,,,,0.8855,1.0,0.7495,HIGH,-0.016314147373654043,0.891,NOT_SIG
lt_c_spbd.4107804472,412810094871,4128111200103500009000001,경기도,고양시 덕양구,동산동,동산1로,20,0,,,0,,,4.0,0.0,20,41281,3194067,112,4128111200103500009,126.8849168187514,37.642865415608284,,단독주택,163.3,492.65,4.0,0.0,20161227,20170105,20170811,True,pnu,0.6,153.63,16.57,0.1078,0.8249,False,CHG_00007,21.17,EXPANSION_OR_RECONSTRUCTION,사용승인일=2017-08-11로 T1 이전부터 존재 - 증축/개축 확정(건축물대장 근거),,,,,,,,,0.8249,1.0,0.5823,MEDIUM,-0.1361125121033629,0.799,NOT_SIG
lt_c_spbd.4107804471,412810085239,4128111200103580000000001,경기도,고양시 덕양구,동산동,동산1로,18,0,,,0,,,4.0,0.0,18,41281,3194067,112,4128111200103580000,126.8853025740383,37.64298000946482,,단독주택,153.77,487.7,4.0,0.0,20130702,20130715,20140417,True,pnu,0.6,127.05,127.05,1.0,0.8249,False,CHG_00007,21.17,EXPANSION_OR_RECONSTRUCTION,사용승인일=2014-04-17로 T1 이전부터 존재 - 증축/개축 확정(건축물대장 근거),,,,,,,,,0.8249,1.0,0.85,HIGH,-0.11798512796663042,0.573,NOT_SIG
lt_c_spbd.4107804470,412810084551,4128111200103580001000001,경기도,고양시 덕양구,동산동,동산1로,16,0,,,0,,,4.0,0.0,16,41281,3194067,112,4128111200103580001,126.88545125920405,37.643065485940184,,단독주택,165.82,493.08,4.0,0.0,20130329,20130404,20131004,True,pnu,0.6,189.69,92.59,0.4881,0.8249,False,CHG_00007,21.17,EXPANSION_OR_RECONSTRUCTION,사용승인일=2013-10-04로 T1 이전부터 존재 - 증축/개축 확정(건축물대장 근거),,,,,,,,,0.8249,1.0,0.6964,MEDIUM,-0.11798512796663042,0.724,NOT_SIG
lt_c_spbd.4107804469,412810085697,4128111200103580002000001,경기도,고양시 덕양구,동산동,동산1로,14,1,,,0,,,4.0,0.0,14-1,41281,3194067,112,4128111200103580002,126.8856231768643,37.643092767542285,,단독주택,159.35,494.02,4.0,0.0,20130912,20130916,20140217,True,pnu,0.6,168.93,16.0,0.0947,0.8249,False,CHG_00007,21.17,EXPANSION_OR_RECONSTRUCTION,사용승인일=2014-02-17로 T1 이전부터 존재 - 증축/개축 확정(건축물대장 근거),,,,,,,,,0.8249,1.0,0.5784,MEDIUM,-0.11798512796663042,0.835,NOT_SIG
lt_c_spbd.4107782769,412810016522,4128111200101590021008330,경기도,고양시 덕양구,동산동,화랑로546번길,18,0,,,0,,,1.0,0.0,18,41281,4376362,112,4128111200101590021,126.88878862324444,37.6424721999126,,단독주택,103.52,103.52,1.0,0.0,20050608,20050701,20051122,True,pnu,0.6,65.23,65.23,1.0,0.8675,False,CHG_00008,439.22,EXPANSION_OR_RECONSTRUCTION,사용승인일=2005-11-22로 T1 이전부터 존재 - 증축/개축 확정(건축물대장 근거),,,,,,,,,0.8675,1.0,0.867,HIGH,0.3171184529112035,0.427,NOT_SIG
lt_c_spbd.4107775971,412810098235,4128111200101590002000001,경기도,고양시 덕양구,동산동,화랑로,542,0,,,0,,,2.0,0.0,542,41281,3192097,112,4128111200101590002,126.88790991553809,37.64250425925324,,제2종근린생활시설,197.97,197.97,1.0,0.0,20180621,20180718,20181109,True,pnu,0.6,191.56,191.56,1.0,0.8675,False,CHG_00008,439.22,EXPANSION_OR_RECONSTRUCTION,사용승인일=2018-11-09로 T1 이전부터 존재 - 증축/개축 확정(건축물대장 근거),,,,,,,,,0.8675,1.0,0.867,HIGH,-0.2541491361752835,0.313,NOT_SIG
lt_c_spbd.4107782778,412810016519,4128111200101590020008591,경기도,고양시 덕양구,동산동,화랑로546번길,22,0,,,0,,,1.0,0.0,22,41281,4376362,112,4128111200101590020,126.88903706623333,37.64256821989747,,단독주택,45.85,45.85,1.0,0.0, , ,19851119,True,pnu,0.6,79.78,50.83,0.6372,0.8675,False,CHG_00008,439.22,EXPANSION_OR_RECONSTRUCTION,사용승인일=1985-11-19로 T1 이전부터 존재 - 증축/개축 확정(건축물대장 근거),,,,,,,,,0.8675,1.0,0.7582,HIGH,0.3299142534783087,0.323,NOT_SIG
lt_c_spbd.4107782784,412810016518,4128111200101590019008577,경기도,고양시 덕양구,동산동,화랑로546번길,26,0,,,0,,,1.0,0.0,26,41281,4376362,112,4128111200101590019,126.88899218969007,37.642631176107955,,단독주택,77.2,154.4,1.0,1.0,19950508,19950520,19950915,True,pnu,0.6,88.34,6.37,0.0721,0.8675,False,CHG_00008,439.22,EXPANSION_OR_RECONSTRUCTION,사용승인일=1995-09-15로 T1 이전부터 존재 - 증축/개축 확정(건축물대장 근거),,,,,,,,,0.8675,1.0,0.5886,MEDIUM,0.31169414614906055,0.225,NOT_SIG
lt_c_spbd.4107782768,412810016507,4128111200101590013008598,경기도,고양시 덕양구,동산동,화랑로546번길,17,0,,,0,,,1.0,0.0,17,41281,4376362,112,4128111200101590013,126.88856575490672,37.64266332658085,,제2종근린생활시설,99.6,142.35,1.0,1.0,19940511, ,19941018,True,pnu,0.6,126.54,112.83,0.8916,0.8675,False,CHG_00008,439.22,EXPANSION_OR_RECONSTRUCTION,사용승인일=1994-10-18로 T1 이전부터 존재 - 증축/개축 확정(건축물대장 근거),,,,,,,,,0.8675,1.0,0.8345,HIGH,-0.16754567436603443,0.487,NOT_SIG
lt_c_spbd.4107782770,412810016508,4128111200101590015001357,경기도,고양시 덕양구,동산동,화랑로546번길,19,0,,,0,,,1.0,0.0,19,41281,4376362,112,4128111200101590015,126.88872548429494,37.642658854492964,,단독주택,105.52,93.69,1.0,0.0,20040227,20040315,20041201,True,pnu,0.6,97.33,84.55,0.8687,0.8675,False,CHG_00008,439.22,EXPANSION_OR_RECONSTRUCTION,사용승인일=2004-12-01로 T1 이전부터 존재 - 증축/개축 확정(건축물대장 근거),,,,,,,,,0.8675,1.0,0.8276,HIGH,-0.16754567436603443,0.499,NOT_SIG
lt_c_spbd.4107782774,412810016509,4128111200101590016008599,경기도,고양시 덕양구,동산동,화랑로546번길,21,0,,,0,,,1.0,0.0,21,41281,4376362,112,4128111200101590016,126.88864104733015,37.64275647361072,,단독주택,16.96,16.96,1.0,0.0, , , ,True,pnu,0.6,77.81,1.03,0.0132,0.8675,False,CHG_00008,439.22,EXPANSION_OR_RECONSTRUCTION,"change_ratio=0.01 - 부분 변화, 증축/개축 추정 (건축물대장 미매칭, change_ratio 휴리스틱)",True,,,,,,,,0.8675,1.0,0.571,MEDIUM,-0.16754567436603443,0.737,NOT_SIG
lt_c_spbd.4107782765,412810016525,4128111200101590050000001,경기도,고양시 덕양구,동산동,화랑로546번길,9,0,,,0,,,1.0,0.0,9,41281,4376362,112,4128111200101590050,126.88840597375028,37.64280341420044,,제2종근린생활시설,275.34,275.34,1.0,0.0,20040219,20040603,20120710,True,road_address,0.6,297.32,0.0,0.0,,True,,,OTHER_CHANGE,"건물 본체 미교차, 버퍼 내 변화만 존재",,,,,,,,,0.0,0.3,0.15,LOW,-0.3260096103746056,0.805,NOT_SIG
lt_c_spbd.4107782777,412810016521,4128111200101590020028630,경기도,고양시 덕양구,동산동,화랑로546번길,22,0,,,0,,,1.0,0.0,22,41281,4376362,112,4128111200101590020,126.88909949186748,37.6424929668882,,단독주택,45.85,45.85,1.0,0.0, , ,19851119,True,pnu,0.6,24.27,23.6,0.9725,0.8675,False,CHG_00008,439.22,EXPANSION_OR_RECONSTRUCTION,사용승인일=1985-11-19로 T1 이전부터 존재 - 증축/개축 확정(건축물대장 근거),,,,,,,,,0.8675,1.0,0.8588,HIGH,0.36700353048441037,0.324,NOT_SIG
lt_c_spbd.4107782856,412810016593,4128111200100630022000927,경기도,고양시 덕양구,동산동,고양대로1940번길,43,0,,,0,,,1.0,0.0,43,41281,4376026,112,4128111200100630022,126.894342287381,37.64358872971576,,단독주택,99.16,99.16,1.0,0.0,20070201,20070207,20070702,True,pnu,0.6,128.27,121.4,0.9465,0.8031,False,CHG_00005,468.19,EXPANSION_OR_RECONSTRUCTION,사용승인일=2007-07-02로 T1 이전부터 존재 - 증축/개축 확정(건축물대장 근거),,,,,,,,,0.8031,1.0,0.8252,HIGH,-1.0635298836409446,0.003,COLD_99
lt_c_spbd.4107792231,412810127735,4128111200100630021026389,경기도,고양시 덕양구,동산동,고양대로1940번길,39,6,,,0,,,2.0,0.0,39-6,41281,4376026,112,4128111200100630021,126.8946468050508,37.64364392801309,,단독주택,77.4,127.44,2.0,0.0,20221129,20230407,20240129,True,pnu,0.1,79.97,79.97,1.0,0.8031,False,CHG_00005,468.19,NEW_BUILDING,사용승인일=2024-01-29이 T1~T2 사이 - 신축 확정(건축물대장 근거),,,,,,,,,0.8031,1.0,0.7412,HIGH,-1.0635298836409446,0.005,COLD_99
lt_c_spbd.4107792230,412810127715,4128111200100630064000002,경기도,고양시 덕양구,동산동,고양대로1940번길,39,4,,,0,,,2.0,0.0,39-4,41281,4376026,112,4128111200100630064,126.8945285474631,37.64366284094267,,단독주택,77.4,127.44,2.0,0.0,20221129,20230407,20240129,True,pnu,0.1,79.97,79.97,1.0,0.8031,False,CHG_00005,468.19,NEW_BUILDING,사용승인일=2024-01-29이 T1~T2 사이 - 신축 확정(건축물대장 근거),,,,,,,,,0.8031,1.0,0.7412,HIGH,-1.0635298836409446,0.005,COLD_99
lt_c_spbd.4107792227,412810127695,4128111200100630065000002,경기도,고양시 덕양구,동산동,고양대로1940번길,39,2,,,0,,,1.0,0.0,39-2,41281,4376026,112,4128111200100630065,126.89436910377265,37.64369453246315,,단독주택,75.18,121.97,2.0,0.0,20221129,20230407,20240129,True,pnu,0.1,73.17,73.17,0.9999,0.8031,False,CHG_00005,468.19,NEW_BUILDING,사용승인일=2024-01-29이 T1~T2 사이 - 신축 확정(건축물대장 근거),,,,,,,,,0.8031,1.0,0.7412,HIGH,-1.0635298836409446,0.005,COLD_99
lt_c_spbd.4107792228,412810026304,4128111200100630020018751,경기도,고양시 덕양구,동산동,고양대로1940번길,39,3,,,0,,,1.0,0.0,39-3,41281,4376026,112,4128111200100630020,126.89458708007788,37.643812056463915,,단독주택,42.52,42.52,1.0,0.0,19841207, , ,True,pnu,0.6,61.84,1.54,0.0249,0.8031,False,CHG_00005,468.19,EXPANSION_OR_RECONSTRUCTION,"change_ratio=0.02 - 부분 변화, 증축/개축 추정 (건축물대장 미매칭, change_ratio 휴리스틱)",True,,,,,,,,0.8031,1.0,0.5487,MEDIUM,-1.0635298836409446,0.007,COLD_99
lt_c_spbd.4107792229,412810026303,4128111200100630020003835,경기도,고양시 덕양구,동산동,고양대로1940번길,39,3,,,0,,,1.0,0.0,39-3,41281,4376026,112,4128111200100630020,126.89444106654733,37.64383264300292,,단독주택,42.52,42.52,1.0,0.0,19841207, , ,True,pnu,0.6,57.21,0.0,0.0,,True,,,OTHER_CHANGE,"건물 본체 미교차, 버퍼 내 변화만 존재",,,,,,,,,0.0,0.3,0.15,LOW,-1.0635298836409446,0.023,COLD_95
lt_c_spbd.4107803472,412810081028,4128111300106400001000001,경기도,고양시 덕양구,용두동,서오릉로,577,161,,,0,,,1.0,0.0,577-161,41281,3000007,113,4128111300106400001,126.87670570997115,37.62851931751456,,,,,,,,,,False,,1.0,290.75,290.75,1.0,0.9317,False,CHG_00045,-109.44,NEW_BUILDING,"change_ratio=1.00 >= 0.5 - 신축 추정 (건축물대장 미매칭, change_ratio 휴리스틱) - brightness_delta=-109.4(T2가 더 어두움)로 신축 기대 방향과 불일치, 재확인 권장",False,,,,,,,,0.9317,1.0,0.9727,HIGH,-0.25470547533037435,0.255,NOT_SIG
lt_c_spbd.4107803468,412810079588,4128111300105670000000001,경기도,고양시 덕양구,용두동,서오릉로,577,21,,,0,,,1.0,0.0,577-21,41281,3000007,113,4128111300105670000,126.87683963142749,37.632378131762295,,,,,,,,,,False,,1.0,69.95,0.0,0.0,,True,,,OTHER_CHANGE,"건물 본체 미교차, 버퍼 내 변화만 존재",,,,,,,,,0.0,0.3,0.23,LOW,-0.8020041191516669,0.083,COLD_90
lt_c_spbd.4107803397,412810079613,4128111300105760002000001,경기도,고양시 덕양구,용두동,고양대로,1834,198,,,0,,,1.0,0.0,1834-198,41281,2192001,113,4128111300105760002,126.87690310888894,37.634350816131246,,,,,,,,,,False,,1.0,50.03,0.0,0.0,,True,,,OTHER_CHANGE,"건물 본체 미교차, 버퍼 내 변화만 존재",,,,,,,,,0.0,0.3,0.23,LOW,-0.7884665330444403,0.091,COLD_90
lt_c_spbd.4107803395,412810079478,4128111300105180003000001,경기도,고양시 덕양구,용두동,고양대로,1834,188,,,0,,,1.0,0.0,1834-188,41281,2192001,113,4128111300105180003,126.8767640804268,37.635232187685205,,,,,,,,,,False,,1.0,136.74,2.51,0.0184,0.7649,False,CHG_00023,-433.94,EXPANSION_OR_RECONSTRUCTION,"change_ratio=0.02 - 부분 변화, 증축/개축 추정 (건축물대장 미매칭, change_ratio 휴리스틱) - brightness_delta=-433.9(T2가 더 어두움)로 증축 기대 방향과 불일치, 재확인 권장",False,,,,,,,,0.7649,1.0,0.6115,MEDIUM,-0.127535616795702,0.771,NOT_SIG
lt_c_spbd.4107803394,412810079479,4128111300105200001000001,경기도,고양시 덕양구,용두동,고양대로,1834,182,,,0,,,1.0,0.0,1834-182,41281,2192001,113,4128111300105200001,126.87717949000967,37.63640674508274,,,,,,,,,,False,,1.0,133.31,82.48,0.6187,1.0,False,CHG_00025,-104.58,NEW_BUILDING,"change_ratio=0.62 >= 0.5 - 신축 추정 (건축물대장 미매칭, change_ratio 휴리스틱) - brightness_delta=-104.6(T2가 더 어두움)로 신축 기대 방향과 불일치, 재확인 권장",False,,,,,,,,1.0,1.0,0.8856,HIGH,-0.1218331404560136,0.513,NOT_SIG
lt_c_spbd.4107788017,412810021601,4128111300100010013034002,경기도,고양시 덕양구,용두동,서오릉로,324,14,,,0,,,1.0,0.0,324-14,41281,3000007,113,4128111300100010013,126.90282555149682,37.62191510982818,,,,,,,,,,False,,1.0,13.83,13.83,1.0,1.0,False,CHG_00071,578.72,NEW_BUILDING,"change_ratio=1.00 >= 0.5 - 신축 추정 (건축물대장 미매칭, change_ratio 휴리스틱)",True,,,,,,,,1.0,1.0,1.0,HIGH,1.0326633295514263,0.003,HOT_99
lt_c_spbd.4107788016,412810021600,4128111300100010013034001,경기도,고양시 덕양구,용두동,서오릉로,324,14,,,0,,,1.0,0.0,324-14,41281,3000007,113,4128111300100010013,126.90296574766525,37.62206818647352,,,,,,,,,,False,,1.0,10.11,10.11,1.0,1.0,False,CHG_00071,578.72,NEW_BUILDING,"change_ratio=1.00 >= 0.5 - 신축 추정 (건축물대장 미매칭, change_ratio 휴리스틱)",True,,,,,,,,1.0,1.0,1.0,HIGH,1.0326633295514263,0.003,HOT_99
lt_c_spbd.4107782860,412810114287,4128111200100630023000927,경기도,고양시 덕양구,동산동,고양대로1940번길,47,0,,1동,0,,,2.0,0.0,47,41281,4376026,112,4128111200100630023,126.89424036302499,37.643484856075474,,단독주택,70.66,113.83,2.0,0.0,20210624,20210725,20220804,True,pnu,0.1,58.3,1.86,0.0319,0.8031,False,CHG_00005,468.19,NEW_BUILDING,사용승인일=2022-08-04이 T1~T2 사이 - 신축 확정(건축물대장 근거),,,,,,,,,0.8031,1.0,0.4508,MEDIUM,-1.0635298836409446,0.015,COLD_95
lt_c_spbd.4107782919,412810118235,4128111200100560021002594,경기도,고양시 덕양구,동산동,고양대로1978번길,45,0,,,0,,,3.0,1.0,45,41281,4376028,112,4128111200100560021,126.89918458841784,37.64465131292086,,,,,,,,,,False,,1.0,313.22,204.33,0.6523,0.859,False,CHG_00003,-365.4,NEW_BUILDING,"change_ratio=0.65 >= 0.5 - 신축 추정 (건축물대장 미매칭, change_ratio 휴리스틱) - brightness_delta=-365.4(T2가 더 어두움)로 신축 기대 방향과 불일치, 재확인 권장",False,,,,,,,,0.859,1.0,0.8393,HIGH,0.21164582142510097,0.667,NOT_SIG
lt_c_spbd.4107782918,412810118236,4128111200100560181000001,경기도,고양시 덕양구,동산동,고양대로1978번길,43,0,,,0,,,3.0,1.0,43,41281,4376028,112,4128111200100560181,126.89919511474633,37.644821590516514,,,,,,,,,,False,,1.0,235.67,230.8,0.9793,0.859,False,CHG_00003,-365.4,NEW_BUILDING,"change_ratio=0.98 >= 0.5 - 신축 추정 (건축물대장 미매칭, change_ratio 휴리스틱) - brightness_delta=-365.4(T2가 더 어두움)로 신축 기대 방향과 불일치, 재확인 권장",False,,,,,,,,0.859,1.0,0.9374,HIGH,0.16695324263274824,0.865,NOT_SIG
lt_c_spbd.4107782917,412810094269,4128111200100560002000001,경기도,고양시 덕양구,동산동,고양대로1978번길,38,0,,,0,,,3.0,0.0,38,41281,4376028,112,4128111200100560002,126.89892464009284,37.64493319993912,,제2종근린생활시설,180.15,494.92,3.0,0.0,20160909,20161007,20170517,True,pnu,0.6,190.55,190.55,1.0,0.859,False,CHG_00003,-365.4,EXPANSION_OR_RECONSTRUCTION,사용승인일=2017-05-17로 T1 이전부터 존재 - 증축/개축 확정(건축물대장 근거),,,,,,,,,0.859,1.0,0.8636,HIGH,0.21164582142510097,0.689,NOT_SIG
lt_c_spbd.4107792266,412810026425,4128111200100560085002540,경기도,고양시 덕양구,동산동,고양대로1978번길,24,17,,,0,,,1.0,0.0,24-17,41281,4376028,112,4128111200100560085,126.89873468837717,37.64496602072349,,단독주택,97.47,97.47,1.0,0.0,20000720,20000821,20001125,True,pnu,0.6,109.87,5.85,0.0532,0.859,False,CHG_00003,-365.4,EXPANSION_OR_RECONSTRUCTION,사용승인일=2000-11-25로 T1 이전부터 존재 - 증축/개축 확정(건축물대장 근거),,,,,,,,,0.859,1.0,0.5796,MEDIUM,0.21164582142510097,0.391,NOT_SIG
lt_c_spbd.4107792264,412810093179,4128111200100560001002785,경기도,고양시 덕양구,동산동,고양대로1978번길,24,15,,,0,,,4.0,0.0,24-15,41281,4376028,112,4128111200100560001,126.89881995019914,37.645144041507066,,공동주택,203.71,493.55,4.0,0.0,20160627,20160711,20161209,True,pnu,0.6,243.5,104.29,0.4283,0.859,False,CHG_00003,-365.4,EXPANSION_OR_RECONSTRUCTION,사용승인일=2016-12-09로 T1 이전부터 존재 - 증축/개축 확정(건축물대장 근거),,,,,,,,,0.859,1.0,0.6921,MEDIUM,-0.2663422359910391,0.385,NOT_SIG
lt_c_spbd.4107782911,412810016654,4128111200100560023033712,경기도,고양시 덕양구,동산동,고양대로1978번길,33,0,,,0,,,1.0,0.0,33,41281,4376028,112,4128111200100560023,126.89924450938243,37.645128320439994,,단독주택,45.74,45.74,1.0,0.0, , ,19840808,True,pnu,0.6,14.27,14.27,0.9999,0.859,False,CHG_00003,-365.4,EXPANSION_OR_RECONSTRUCTION,사용승인일=1984-08-08로 T1 이전부터 존재 - 증축/개축 확정(건축물대장 근거),,,,,,,,,0.859,1.0,0.8636,HIGH,-0.1004604445812479,0.571,NOT_SIG
lt_c_spbd.4107782915,412810016653,4128111200100560023033711,경기도,고양시 덕양구,동산동,고양대로1978번길,33,0,,,0,,,1.0,0.0,33,41281,4376028,112,4128111200100560023,126.89918889943947,37.645136440847786,,단독주택,45.74,45.74,1.0,0.0, , ,19840808,True,pnu,0.6,6.28,6.28,0.9998,0.859,False,CHG_00003,-365.4,EXPANSION_OR_RECONSTRUCTION,사용승인일=1984-08-08로 T1 이전부터 존재 - 증축/개축 확정(건축물대장 근거),,,,,,,,,0.859,1.0,0.8635,HIGH,-0.1004604445812479,0.571,NOT_SIG
lt_c_spbd.4107782916,412810093183,4128111200100560135000001,경기도,고양시 덕양구,동산동,고양대로1978번길,36,0,,,0,,,4.0,0.0,36,41281,4376028,112,4128111200100560135,126.898999695529,37.645154295795066,,공동주택,199.43,472.63,4.0,0.0,20160607,20160615,20161122,True,pnu,0.6,170.51,93.63,0.5491,0.859,False,CHG_00003,-365.4,EXPANSION_OR_RECONSTRUCTION,사용승인일=2016-11-22로 T1 이전부터 존재 - 증축/개축 확정(건축물대장 근거),,,,,,,,,0.859,1.0,0.7283,HIGH,-0.2663422359910391,0.357,NOT_SIG
lt_c_spbd.4107782912,412810016651,4128111200100560023002717,경기도,고양시 덕양구,동산동,고양대로1978번길,33,0,,,0,,,1.0,0.0,33,41281,4376028,112,4128111200100560023,126.89923431268653,37.64518036790983,,단독주택,45.74,45.74,1.0,0.0, , ,19840808,True,pnu,0.6,64.84,64.37,0.9928,0.859,False,CHG_00003,-365.4,EXPANSION_OR_RECONSTRUCTION,사용승인일=1984-08-08로 T1 이전부터 존재 - 증축/개축 확정(건축물대장 근거),,,,,,,,,0.859,1.0,0.8614,HIGH,-0.1004604445812479,0.577,NOT_SIG
lt_c_spbd.4107782914,412810016652,4128111200100560023033710,경기도,고양시 덕양구,동산동,고양대로1978번길,33,0,,,0,,,1.0,0.0,33,41281,4376028,112,4128111200100560023,126.89926659593122,37.64523664287283,,단독주택,45.74,45.74,1.0,0.0, , ,19840808,True,pnu,0.6,11.2,1.2,0.107,0.859,False,CHG_00003,-365.4,EXPANSION_OR_RECONSTRUCTION,사용승인일=1984-08-08로 T1 이전부터 존재 - 증축/개축 확정(건축물대장 근거),,,,,,,,,0.859,1.0,0.5957,MEDIUM,-0.1004604445812479,0.849,NOT_SIG
lt_c_spbd.4107782913,412810016691,4128111200200100002033752,경기도,고양시 덕양구,동산동,고양대로1978번길,33,0,,,0,,,1.0,0.0,33,41281,4376028,112,4128111200100560023,126.89925694929937,37.64526686262871,,단독주택,45.74,45.74,1.0,0.0, , ,19840808,True,pnu,0.6,8.1,0.0,0.0,,True,,,OTHER_CHANGE,"건물 본체 미교차, 버퍼 내 변화만 존재",,,,,,,,,0.0,0.3,0.15,LOW,-0.1004604445812479,0.663,NOT_SIG
lt_c_spbd.4107805134,412810082609,4128111200101600008000001,경기도,고양시 덕양구,동산동,세솔로,25,0,동산마을 22단지 호반베르디움,2207동,0,,,8.0,0.0,25,41281,3194080,112,4128111200103650000,126.89000214887001,37.6447557498398,,제1종근린생활시설,256.0,256.0,1.0,0.0,20091014,20091119,20121002,True,pnu,0.6,1115.97,45.98,0.0412,0.608,False,CHG_00004,-254.96,EXPANSION_OR_RECONSTRUCTION,사용승인일=2012-10-02로 T1 이전부터 존재 - 증축/개축 확정(건축물대장 근거),,,,,,,,,0.608,1.0,0.4756,MEDIUM,-0.7217058344334566,0.077,COLD_90
,,,,,,,,,,,,,,,,,,,,,,,,,,,,,,,,,,1.0,,4001.23,0.0,0.7092,,CHG_00001,-596.93,OTHER_CHANGE,"건물과 미교차, 변화강도/면적 기준 미달 - 토지조성/기타 추정",,CHG_00001,0.5884,2022-05-17,2026-05-31,ensemble,2591.98,1995.06,0.7092,0.3,0.5137,MEDIUM,-0.7217058344334566,0.071,COLD_90
,,,,,,,,,,,,,,,,,,,,,,,,,,,,,,,,,,1.0,,2600.8,0.0,0.6082,,CHG_00002,-110.21,OTHER_CHANGE,"건물과 미교차, 변화강도/면적 기준 미달 - 토지조성/기타 추정",,CHG_00002,0.5519,2022-05-17,2026-05-31,ensemble,2441.42,2331.22,0.6082,0.3,0.4733,MEDIUM,-0.9507321199461367,0.021,COLD_95
,,,,,,,,,,,,,,,,,,,,,,,,,,,,,,,,,,1.0,,900.28,0.0,0.6659,,CHG_00006,325.7,OTHER_CHANGE,"건물과 미교차, 변화강도/면적 기준 미달 - 토지조성/기타 추정",,CHG_00006,0.5815,2022-05-17,2026-05-31,ensemble,2048.15,2373.85,0.6659,0.3,0.4964,MEDIUM,-0.3260096103746056,0.459,NOT_SIG
,,,,,,,,,,,,,,,,,,,,,,,,,,,,,,,,,,1.0,,3801.17,0.0,0.7694,,CHG_00009,21.46,OTHER_CHANGE,"건물과 미교차, 변화강도/면적 기준 미달 - 토지조성/기타 추정",,CHG_00009,0.5689,2022-05-17,2026-05-31,ensemble,2299.61,2321.06,0.7694,0.3,0.5378,MEDIUM,0.18512698836573815,0.413,NOT_SIG
,,,,,,,,,,,,,,,,,,,,,,,,,,,,,,,,,,1.0,,900.28,0.0,0.5957,,CHG_00010,-629.85,OTHER_CHANGE,"건물과 미교차, 변화강도/면적 기준 미달 - 토지조성/기타 추정",,CHG_00010,0.5607,2022-05-17,2026-05-31,ensemble,2774.85,2145.0,0.5957,0.3,0.4683,MEDIUM,0.2423371981476498,0.247,NOT_SIG
,,,,,,,,,,,,,,,,,,,,,,,,,,,,,,,,,,1.0,,2000.61,0.0,0.6374,,CHG_00011,-480.63,OTHER_CHANGE,"건물과 미교차, 변화강도/면적 기준 미달 - 토지조성/기타 추정",,CHG_00011,0.5678,2022-05-17,2026-05-31,ensemble,2395.95,1915.32,0.6374,0.3,0.485,MEDIUM,-0.03300432202639985,0.855,NOT_SIG
,,,,,,,,,,,,,,,,,,,,,,,,,,,,,,,,,,1.0,,1200.37,0.0,0.6677,,CHG_00013,-511.17,OTHER_CHANGE,"건물과 미교차, 변화강도/면적 기준 미달 - 토지조성/기타 추정",,CHG_00013,0.5657,2022-05-17,2026-05-31,ensemble,1991.75,1480.58,0.6677,0.3,0.4971,MEDIUM,-1.066914280167751,0.013,COLD_95
,,,,,,,,,,,,,,,,,,,,,,,,,,,,,,,,,,1.0,,900.28,0.0,0.5931,,CHG_00015,1684.04,OTHER_CHANGE,"건물과 미교차, 변화강도/면적 기준 미달 - 토지조성/기타 추정",,CHG_00015,0.5533,2022-05-17,2026-05-31,ensemble,2133.04,3817.07,0.5931,0.3,0.4672,MEDIUM,-1.161213766955765,0.005,COLD_99
,,,,,,,,,,,,,,,,,,,,,,,,,,,,,,,,,,1.0,,2300.71,0.0,0.7194,,CHG_00017,-593.32,DEMOLITION,"건물과 미교차 + mean_change_score=0.61 >= 0.6 - 철거 추정 (T1 건물 유무 미확인, 이미지 변화 강도 기반 추정)",,CHG_00017,0.6113,2022-05-17,2026-05-31,ensemble,2483.33,1890.01,0.7194,1.0,0.5878,MEDIUM,-0.9828143445564148,0.017,COLD_95
,,,,,,,,,,,,,,,,,,,,,,,,,,,,,,,,,,1.0,,1800.55,0.0,0.7141,,CHG_00020,-552.06,OTHER_CHANGE,"건물과 미교차, 변화강도/면적 기준 미달 - 토지조성/기타 추정",,CHG_00020,0.5826,2022-05-17,2026-05-31,ensemble,2338.28,1786.22,0.7141,0.3,0.5156,MEDIUM,-0.7363097372546092,0.069,COLD_90
,,,,,,,,,,,,,,,,,,,,,,,,,,,,,,,,,,1.0,,1200.37,0.0,0.6177,,CHG_00021,-603.97,OTHER_CHANGE,"건물과 미교차, 변화강도/면적 기준 미달 - 토지조성/기타 추정",,CHG_00021,0.5743,2022-05-17,2026-05-31,ensemble,2536.08,1932.11,0.6177,0.3,0.4771,MEDIUM,0.044697713301384195,0.671,NOT_SIG
,,,,,,,,,,,,,,,,,,,,,,,,,,,,,,,,,,1.0,,1600.49,0.0,0.5726,,CHG_00022,1916.27,OTHER_CHANGE,"건물과 미교차, 변화강도/면적 기준 미달 - 토지조성/기타 추정",,CHG_00022,0.5404,2022-05-17,2026-05-31,ensemble,3147.4,5063.67,0.5726,0.3,0.459,MEDIUM,-0.43820467331806334,0.297,NOT_SIG
,,,,,,,,,,,,,,,,,,,,,,,,,,,,,,,,,,1.0,,3401.05,0.0,0.6172,,CHG_00026,-191.93,OTHER_CHANGE,"건물과 미교차, 변화강도/면적 기준 미달 - 토지조성/기타 추정",,CHG_00026,0.5546,2022-05-17,2026-05-31,ensemble,2108.29,1916.36,0.6172,0.3,0.4769,MEDIUM,-0.48451990797943373,0.237,NOT_SIG
,,,,,,,,,,,,,,,,,,,,,,,,,,,,,,,,,,1.0,,900.28,0.0,0.587,,CHG_00027,-271.93,OTHER_CHANGE,"건물과 미교차, 변화강도/면적 기준 미달 - 토지조성/기타 추정",,CHG_00027,0.5437,2022-05-17,2026-05-31,ensemble,1904.3,1632.37,0.587,0.3,0.4648,MEDIUM,-0.6302807666134149,0.119,NOT_SIG
,,,,,,,,,,,,,,,,,,,,,,,,,,,,,,,,,,1.0,,2900.89,0.0,0.7101,,CHG_00033,-374.02,OTHER_CHANGE,"건물과 미교차, 변화강도/면적 기준 미달 - 토지조성/기타 추정",,CHG_00033,0.5777,2022-05-17,2026-05-31,ensemble,2142.8,1768.78,0.7101,0.3,0.514,MEDIUM,-0.6102061954338625,0.119,NOT_SIG
,,,,,,,,,,,,,,,,,,,,,,,,,,,,,,,,,,1.0,,4001.23,0.0,0.669,,CHG_00034,-552.0,OTHER_CHANGE,"건물과 미교차, 변화강도/면적 기준 미달 - 토지조성/기타 추정",,CHG_00034,0.5651,2022-05-17,2026-05-31,ensemble,2206.01,1654.01,0.669,0.3,0.4976,MEDIUM,0.44294382515440406,0.047,HOT_95
,,,,,,,,,,,,,,,,,,,,,,,,,,,,,,,,,,1.0,,900.28,0.0,0.6333,,CHG_00036,-328.96,OTHER_CHANGE,"건물과 미교차, 변화강도/면적 기준 미달 - 토지조성/기타 추정",,CHG_00036,0.5692,2022-05-17,2026-05-31,ensemble,1827.67,1498.7,0.6333,0.3,0.4833,MEDIUM,0.010111962493193486,0.757,NOT_SIG
,,,,,,,,,,,,,,,,,,,,,,,,,,,,,,,,,,1.0,,1800.55,0.0,0.7236,,CHG_00037,241.37,OTHER_CHANGE,"건물과 미교차, 변화강도/면적 기준 미달 - 토지조성/기타 추정",,CHG_00037,0.5795,2022-05-17,2026-05-31,ensemble,1588.93,1830.3,0.7236,0.3,0.5194,MEDIUM,-0.7688092162312062,0.053,COLD_90
,,,,,,,,,,,,,,,,,,,,,,,,,,,,,,,,,,1.0,,1500.46,0.0,0.622,,CHG_00038,416.11,OTHER_CHANGE,"건물과 미교차, 변화강도/면적 기준 미달 - 토지조성/기타 추정",,CHG_00038,0.5643,2022-05-17,2026-05-31,ensemble,2530.36,2946.47,0.622,0.3,0.4788,MEDIUM,-0.342236169064775,0.447,NOT_SIG
,,,,,,,,,,,,,,,,,,,,,,,,,,,,,,,,,,1.0,,1200.37,0.0,0.6974,,CHG_00040,133.64,OTHER_CHANGE,"건물과 미교차 + mean_change_score=0.62 >= 0.6 이지만 brightness_delta=+133.6(T2가 더 밝음)로 철거(어두워짐/무변화 예상) 방향과 불일치 - 건물 미등록 신축 등 다른 원인 가능성, 재확인 필요",,CHG_00040,0.6212,2022-05-17,2026-05-31,ensemble,1728.22,1861.86,0.6974,0.3,0.509,MEDIUM,0.3236554379835286,0.173,NOT_SIG
,,,,,,,,,,,,,,,,,,,,,,,,,,,,,,,,,,1.0,,900.28,0.0,0.6307,,CHG_00043,-289.74,OTHER_CHANGE,"건물과 미교차, 변화강도/면적 기준 미달 - 토지조성/기타 추정",,CHG_00043,0.5815,2022-05-17,2026-05-31,ensemble,2093.96,1804.22,0.6307,0.3,0.4823,MEDIUM,-0.10764649200118,0.967,NOT_SIG
,,,,,,,,,,,,,,,,,,,,,,,,,,,,,,,,,,1.0,,5701.75,0.0,0.7798,,CHG_00047,-64.5,DEMOLITION,"건물과 미교차 + mean_change_score=0.61 >= 0.6 - 철거 추정 (T1 건물 유무 미확인, 이미지 변화 강도 기반 추정)",,CHG_00047,0.6128,2022-05-17,2026-05-31,ensemble,2190.81,2126.32,0.7798,1.0,0.6119,MEDIUM,0.1892995320289242,0.469,NOT_SIG
,,,,,,,,,,,,,,,,,,,,,,,,,,,,,,,,,,1.0,,2600.8,0.0,0.9629,,CHG_00049,487.85,OTHER_CHANGE,"건물과 미교차 + mean_change_score=0.76 >= 0.6 이지만 brightness_delta=+487.9(T2가 더 밝음)로 철거(어두워짐/무변화 예상) 방향과 불일치 - 건물 미등록 신축 등 다른 원인 가능성, 재확인 필요",,CHG_00049,0.7571,2022-05-17,2026-05-31,ensemble,2143.92,2631.77,0.9629,0.3,0.6152,MEDIUM,-0.45424578562320345,0.195,NOT_SIG
,,,,,,,,,,,,,,,,,,,,,,,,,,,,,,,,,,1.0,,900.28,0.0,0.8123,,CHG_00054,-1003.37,OTHER_CHANGE,"건물과 미교차, 변화강도/면적 기준 미달 - 토지조성/기타 추정",,CHG_00054,0.5989,2022-05-17,2026-05-31,ensemble,2785.85,1782.48,0.8123,0.3,0.5549,MEDIUM,-0.2149272257413299,0.633,NOT_SIG
,,,,,,,,,,,,,,,,,,,,,,,,,,,,,,,,,,1.0,,900.28,0.0,0.5605,,CHG_00055,-3.0,OTHER_CHANGE,"건물과 미교차, 변화강도/면적 기준 미달 - 토지조성/기타 추정",,CHG_00055,0.5383,2022-05-17,2026-05-31,ensemble,2229.52,2226.52,0.5605,0.3,0.4542,MEDIUM,-0.5721433249063497,0.153,NOT_SIG
,,,,,,,,,,,,,,,,,,,,,,,,,,,,,,,,,,1.0,,2400.74,0.0,0.8064,,CHG_00056,-520.44,DEMOLITION,"건물과 미교차 + mean_change_score=0.62 >= 0.6 - 철거 추정 (T1 건물 유무 미확인, 이미지 변화 강도 기반 추정)",,CHG_00056,0.6163,2022-05-17,2026-05-31,ensemble,2286.22,1765.78,0.8064,1.0,0.6226,MEDIUM,0.45606415689531293,0.083,HOT_90
,,,,,,,,,,,,,,,,,,,,,,,,,,,,,,,,,,1.0,,1500.46,0.0,0.804,,CHG_00059,-492.49,DEMOLITION,"건물과 미교차 + mean_change_score=0.74 >= 0.6 - 철거 추정 (T1 건물 유무 미확인, 이미지 변화 강도 기반 추정)",,CHG_00059,0.7415,2022-05-17,2026-05-31,ensemble,2205.4,1712.91,0.804,1.0,0.6216,MEDIUM,-0.5906879634094016,0.109,NOT_SIG
,,,,,,,,,,,,,,,,,,,,,,,,,,,,,,,,,,1.0,,3501.08,0.0,0.7276,,CHG_00060,-32.19,OTHER_CHANGE,"건물과 미교차, 변화강도/면적 기준 미달 - 토지조성/기타 추정",,CHG_00060,0.5732,2022-05-17,2026-05-31,ensemble,1820.98,1788.79,0.7276,0.3,0.521,MEDIUM,-0.227120325557086,0.637,NOT_SIG
,,,,,,,,,,,,,,,,,,,,,,,,,,,,,,,,,,1.0,,1900.58,0.0,0.8477,,CHG_00062,-633.28,DEMOLITION,"건물과 미교차 + mean_change_score=0.78 >= 0.6 - 철거 추정 (T1 건물 유무 미확인, 이미지 변화 강도 기반 추정)",,CHG_00062,0.7779,2022-05-17,2026-05-31,ensemble,2644.86,2011.58,0.8477,1.0,0.6391,MEDIUM,-0.6885109315129947,0.063,COLD_90
,,,,,,,,,,,,,,,,,,,,,,,,,,,,,,,,,,1.0,,1200.37,0.0,0.6872,,CHG_00063,-194.28,OTHER_CHANGE,"건물과 미교차, 변화강도/면적 기준 미달 - 토지조성/기타 추정",,CHG_00063,0.5874,2022-05-17,2026-05-31,ensemble,2148.69,1954.42,0.6872,0.3,0.5049,MEDIUM,-0.4304622867430408,0.279,NOT_SIG
,,,,,,,,,,,,,,,,,,,,,,,,,,,,,,,,,,1.0,,2800.86,0.0,0.8093,,CHG_00064,380.93,OTHER_CHANGE,"건물과 미교차 + mean_change_score=0.64 >= 0.6 이지만 brightness_delta=+380.9(T2가 더 밝음)로 철거(어두워짐/무변화 예상) 방향과 불일치 - 건물 미등록 신축 등 다른 원인 가능성, 재확인 필요",,CHG_00064,0.6354,2022-05-17,2026-05-31,ensemble,2368.96,2749.89,0.8093,0.3,0.5537,MEDIUM,-0.19897883662870594,0.669,NOT_SIG
,,,,,,,,,,,,,,,,,,,,,,,,,,,,,,,,,,1.0,,5401.66,0.0,0.9779,,CHG_00066,816.29,OTHER_CHANGE,"건물과 미교차 + mean_change_score=0.71 >= 0.6 이지만 brightness_delta=+816.3(T2가 더 밝음)로 철거(어두워짐/무변화 예상) 방향과 불일치 - 건물 미등록 신축 등 다른 원인 가능성, 재확인 필요",,CHG_00066,0.7129,2022-05-17,2026-05-31,ensemble,2331.36,3147.65,0.9779,0.3,0.6212,MEDIUM,-0.06031130222214236,0.937,NOT_SIG
,,,,,,,,,,,,,,,,,,,,,,,,,,,,,,,,,,1.0,,1500.46,0.0,0.6241,,CHG_00067,-415.51,OTHER_CHANGE,"건물과 미교차, 변화강도/면적 기준 미달 - 토지조성/기타 추정",,CHG_00067,0.559,2022-05-17,2026-05-31,ensemble,2415.93,2000.42,0.6241,0.3,0.4796,MEDIUM,-0.4152093215742817,0.317,NOT_SIG
,,,,,,,,,,,,,,,,,,,,,,,,,,,,,,,,,,1.0,,900.28,0.0,0.6389,,CHG_00068,512.63,OTHER_CHANGE,"건물과 미교차, 변화강도/면적 기준 미달 - 토지조성/기타 추정",,CHG_00068,0.5822,2022-05-17,2026-05-31,ensemble,1925.56,2438.19,0.6389,0.3,0.4856,MEDIUM,0.15624371389723585,0.423,NOT_SIG
,,,,,,,,,,,,,,,,,,,,,,,,,,,,,,,,,,1.0,,1500.46,0.0,0.7177,,CHG_00072,407.98,OTHER_CHANGE,"건물과 미교차, 변화강도/면적 기준 미달 - 토지조성/기타 추정",,CHG_00072,0.5941,2022-05-17,2026-05-31,ensemble,2285.76,2693.73,0.7177,0.3,0.5171,MEDIUM,0.130791197551799,0.521,NOT_SIG
,,,,,,,,,,,,,,,,,,,,,,,,,,,,,,,,,,1.0,,900.28,0.0,0.7694,,CHG_00075,-597.3,DEMOLITION,"건물과 미교차 + mean_change_score=0.71 >= 0.6 - 철거 추정 (T1 건물 유무 미확인, 이미지 변화 강도 기반 추정)",,CHG_00075,0.7144,2022-05-17,2026-05-31,ensemble,2456.26,1858.96,0.7694,1.0,0.6078,MEDIUM,-0.41794465575348105,0.235,NOT_SIG
,,,,,,,,,,,,,,,,,,,,,,,,,,,,,,,,,,1.0,,900.28,0.0,0.6116,,CHG_00079,-485.11,OTHER_CHANGE,"건물과 미교차, 변화강도/면적 기준 미달 - 토지조성/기타 추정",,CHG_00079,0.5759,2022-05-17,2026-05-31,ensemble,2083.93,1598.81,0.6116,0.3,0.4746,MEDIUM,-0.08673741208898988,0.975,NOT_SIG
,,,,,,,,,,,,,,,,,,,,,,,,,,,,,,,,,,1.0,,1900.58,0.0,0.7837,,CHG_00081,-178.16,DEMOLITION,"건물과 미교차 + mean_change_score=0.66 >= 0.6 - 철거 추정 (T1 건물 유무 미확인, 이미지 변화 강도 기반 추정)",,CHG_00081,0.6647,2022-05-17,2026-05-31,ensemble,2083.65,1905.49,0.7837,1.0,0.6135,MEDIUM,-0.05164168372196575,0.967,NOT_SIG
,,,,,,,,,,,,,,,,,,,,,,,,,,,,,,,,,,1.0,,900.28,0.0,0.6435,,CHG_00088,-23.78,OTHER_CHANGE,"건물과 미교차, 변화강도/면적 기준 미달 - 토지조성/기타 추정",,CHG_00088,0.5742,2022-05-17,2026-05-31,ensemble,1942.74,1918.96,0.6435,0.3,0.4874,MEDIUM,0.06880574335535009,0.633,NOT_SIG
,,,,,,,,,,,,,,,,,,,,,,,,,,,,,,,,,,1.0,,1700.52,0.0,0.6562,,CHG_00089,-78.39,OTHER_CHANGE,"건물과 미교차, 변화강도/면적 기준 미달 - 토지조성/기타 추정",,CHG_00089,0.5811,2022-05-17,2026-05-31,ensemble,2122.14,2043.75,0.6562,0.3,0.4925,MEDIUM,-0.2740846225660625,0.559,NOT_SIG
,,,,,,,,,,,,,,,,,,,,,,,,,,,,,,,,,,1.0,,2200.68,0.0,0.9238,,CHG_00091,659.35,OTHER_CHANGE,"건물과 미교차 + mean_change_score=0.69 >= 0.6 이지만 brightness_delta=+659.4(T2가 더 밝음)로 철거(어두워짐/무변화 예상) 방향과 불일치 - 건물 미등록 신축 등 다른 원인 가능성, 재확인 필요",,CHG_00091,0.6884,2022-05-17,2026-05-31,ensemble,2130.09,2789.44,0.9238,0.3,0.5995,MEDIUM,-0.3699604036268373,0.293,NOT_SIG
,,,,,,,,,,,,,,,,,,,,,,,,,,,,,,,,,,1.0,,3501.08,0.0,0.7429,,CHG_00092,-423.25,OTHER_CHANGE,"건물과 미교차, 변화강도/면적 기준 미달 - 토지조성/기타 추정",,CHG_00092,0.589,2022-05-17,2026-05-31,ensemble,2393.53,1970.29,0.7429,0.3,0.5272,MEDIUM,0.049102064945858226,0.703,NOT_SIG
